r_fm,u_S_wave,w_D_wave
0.0025,1.97823509e-04,8.53856659e-09
0.0075,5.93757904e-04,2.28813353e-07
0.0125,9.90554580e-04,1.05030179e-06
0.0175,1.38878887e-03,2.85749183e-06
0.0225,1.78903678e-03,6.02218577e-06
0.0275,2.19187529e-03,1.09044206e-05
0.0325,2.59788252e-03,1.78533530e-05
0.0375,3.00763800e-03,2.72081098e-05
0.0425,3.42172281e-03,3.92986028e-05
0.0475,3.84071981e-03,5.44463082e-05
0.0525,4.26521379e-03,7.29650100e-05
0.0575,4.69579157e-03,9.51615081e-05
0.0625,5.13304221e-03,1.21336289e-04
0.0675,5.57755702e-03,1.51784159e-04
0.0725,6.02992973e-03,1.86794846e-04
0.0775,6.49075649e-03,2.26653558e-04
0.0825,6.96063599e-03,2.71641509e-04
0.0875,7.44016940e-03,3.22036411e-04
0.0925,7.92996045e-03,3.78112924e-04
0.0975,8.43061538e-03,4.40143073e-04
0.1025,8.94274288e-03,5.08396634e-04
0.1075,9.46695409e-03,5.83141477e-04
0.1125,1.00038624e-02,6.64643879e-04
0.1175,1.05540836e-02,7.53168804e-04
0.1225,1.11182352e-02,8.48980144e-04
0.1275,1.16969369e-02,9.52340931e-04
0.1325,1.22908101e-02,1.06351351e-03
0.1375,1.29004777e-02,1.18275970e-03
0.1425,1.35265636e-02,1.31034089e-03
0.1475,1.41696932e-02,1.44651813e-03
0.1525,1.48304920e-02,1.59155216e-03
0.1575,1.55095865e-02,1.74570350e-03
0.1625,1.62076027e-02,1.90923235e-03
0.1675,1.69251665e-02,2.08239864e-03
0.1725,1.76629030e-02,2.26546190e-03
0.1775,1.84214361e-02,2.45868122e-03
0.1825,1.92013882e-02,2.66231511e-03
0.1875,2.00033792e-02,2.87662136e-03
0.1925,2.08280268e-02,3.10185689e-03
0.1975,2.16759451e-02,3.33827755e-03
0.2025,2.25477447e-02,3.58613792e-03
0.2075,2.34440319e-02,3.84569106e-03
0.2125,2.43654078e-02,4.11718828e-03
0.2175,2.53124682e-02,4.40087887e-03
0.2225,2.62858026e-02,4.69700978e-03
0.2275,2.72859934e-02,5.00582536e-03
0.2325,2.83136157e-02,5.32756701e-03
0.2375,2.93692361e-02,5.66247283e-03
0.2425,3.04534122e-02,6.01077731e-03
0.2475,3.15666917e-02,6.37271095e-03
0.2525,3.27096122e-02,6.74849987e-03
0.2575,3.38826994e-02,7.13836545e-03
0.2625,3.50864674e-02,7.54252393e-03
0.2675,3.63214172e-02,7.96118602e-03
0.2725,3.75880363e-02,8.39455647e-03
0.2775,3.88867975e-02,8.84283370e-03
0.2825,4.02181587e-02,9.30620937e-03
0.2875,4.15825614e-02,9.78486795e-03
0.2925,4.29804306e-02,1.02789863e-02
0.2975,4.44121734e-02,1.07887334e-02
0.3025,4.58781786e-02,1.13142697e-02
0.3075,4.73788159e-02,1.18557469e-02
0.3125,4.89144347e-02,1.24133074e-02
0.3175,5.04853641e-02,1.29870841e-02
0.3225,5.20919115e-02,1.35772000e-02
0.3275,5.37343621e-02,1.41837674e-02
0.3325,5.54129784e-02,1.48068881e-02
0.3375,5.71279991e-02,1.54466530e-02
0.3425,5.88796387e-02,1.61031412e-02
0.3475,6.06680871e-02,1.67764203e-02
0.3525,6.24935085e-02,1.74665457e-02
0.3575,6.43560410e-02,1.81735606e-02
0.3625,6.62557963e-02,1.88974954e-02
0.3675,6.81928588e-02,1.96383679e-02
0.3725,7.01672856e-02,2.03961824e-02
0.3775,7.21791054e-02,2.11709301e-02
0.3825,7.42283188e-02,2.19625888e-02
0.3875,7.63148976e-02,2.27711222e-02
0.3925,7.84387843e-02,2.35964806e-02
0.3975,8.05998921e-02,2.44386001e-02
0.4025,8.27981047e-02,2.52974026e-02
0.4075,8.50332759e-02,2.61727962e-02
0.4125,8.73052296e-02,2.70646744e-02
0.4175,8.96137597e-02,2.79729169e-02
0.4225,9.19586300e-02,2.88973887e-02
0.4275,9.43395742e-02,2.98379410e-02
0.4325,9.67562961e-02,3.07944107e-02
0.4375,9.92084693e-02,3.17666206e-02
0.4425,1.01695738e-01,3.27543795e-02
0.4475,1.04217716e-01,3.37574824e-02
0.4525,1.06773990e-01,3.47757108e-02
0.4575,1.09364114e-01,3.58088323e-02
0.4625,1.11987617e-01,3.68566016e-02
0.4675,1.14643998e-01,3.79187601e-02
0.4725,1.17332727e-01,3.89950363e-02
0.4775,1.20053249e-01,4.00851463e-02
0.4825,1.22804982e-01,4.11887941e-02
0.4875,1.25587314e-01,4.23056713e-02
0.4925,1.28399614e-01,4.34354584e-02
0.4975,1.31241219e-01,4.45778243e-02
0.5025,1.34111447e-01,4.57324272e-02
0.5075,1.37009590e-01,4.68989149e-02
0.5125,1.39934918e-01,4.80769250e-02
0.5175,1.42886679e-01,4.92660856e-02
0.5225,1.45864099e-01,5.04660154e-02
0.5275,1.48866387e-01,5.16763248e-02
0.5325,1.51892728e-01,5.28966154e-02
0.5375,1.54942293e-01,5.41264815e-02
0.5425,1.58014234e-01,5.53655100e-02
0.5475,1.61107685e-01,5.66132807e-02
0.5525,1.64221768e-01,5.78693675e-02
0.5575,1.67355589e-01,5.91333385e-02
0.5625,1.70508240e-01,6.04047564e-02
0.5675,1.73678803e-01,6.16831792e-02
0.5725,1.76866346e-01,6.29681609e-02
0.5775,1.80069930e-01,6.42592516e-02
0.5825,1.83288606e-01,6.55559984e-02
0.5875,1.86521416e-01,6.68579459e-02
0.5925,1.89767398e-01,6.81646362e-02
0.5975,1.93025582e-01,6.94756104e-02
0.6024,1.96294994e-01,7.07904081e-02
0.6074,1.99574658e-01,7.21085687e-02
0.6124,2.02863594e-01,7.34296314e-02
0.6174,2.06160823e-01,7.47531360e-02
0.6224,2.09465364e-01,7.60786230e-02
0.6274,2.12776237e-01,7.74056348e-02
0.6324,2.16092466e-01,7.87337154e-02
0.6374,2.19413076e-01,8.00624112e-02
0.6424,2.22737097e-01,8.13912717e-02
0.6474,2.26063563e-01,8.27198495e-02
0.6524,2.29391516e-01,8.40477008e-02
0.6574,2.32720002e-01,8.53743862e-02
0.6624,2.36048079e-01,8.66994707e-02
0.6674,2.39374811e-01,8.80225241e-02
0.6724,2.42699271e-01,8.93431217e-02
0.6774,2.46020544e-01,9.06608442e-02
0.6824,2.49337726e-01,9.19752785e-02
0.6874,2.52649925e-01,9.32860177e-02
0.6924,2.55956262e-01,9.45926614e-02
0.6974,2.59255870e-01,9.58948164e-02
0.7024,2.62547899e-01,9.71920964e-02
0.7074,2.65831510e-01,9.84841225e-02
0.7124,2.69105884e-01,9.97705238e-02
0.7174,2.72370213e-01,1.01050937e-01
0.7224,2.75623709e-01,1.02325007e-01
0.7274,2.78865600e-01,1.03592387e-01
0.7324,2.82095131e-01,1.04852739e-01
0.7374,2.85311565e-01,1.06105732e-01
0.7424,2.88514184e-01,1.07351047e-01
0.7474,2.91702288e-01,1.08588371e-01
0.7524,2.94875194e-01,1.09817401e-01
0.7574,2.98032243e-01,1.11037843e-01
0.7624,3.01172790e-01,1.12249413e-01
0.7674,3.04296213e-01,1.13451834e-01
0.7724,3.07401908e-01,1.14644842e-01
0.7774,3.10489293e-01,1.15828179e-01
0.7824,3.13557804e-01,1.17001599e-01
0.7874,3.16606898e-01,1.18164862e-01
0.7924,3.19636052e-01,1.19317740e-01
0.7974,3.22644764e-01,1.20460014e-01
0.8024,3.25632550e-01,1.21591475e-01
0.8074,3.28598948e-01,1.22711921e-01
0.8124,3.31543516e-01,1.23821161e-01
0.8174,3.34465831e-01,1.24919014e-01
0.8224,3.37365490e-01,1.26005306e-01
0.8274,3.40242112e-01,1.27079873e-01
0.8324,3.43095331e-01,1.28142560e-01
0.8374,3.45924805e-01,1.29193222e-01
0.8424,3.48730208e-01,1.30231721e-01
0.8474,3.51511235e-01,1.31257927e-01
0.8524,3.54267598e-01,1.32271722e-01
0.8574,3.56999027e-01,1.33272994e-01
0.8624,3.59705273e-01,1.34261638e-01
0.8674,3.62386103e-01,1.35237560e-01
0.8724,3.65041300e-01,1.36200673e-01
0.8774,3.67670667e-01,1.37150896e-01
0.8824,3.70274023e-01,1.38088159e-01
0.8874,3.72851203e-01,1.39012397e-01
0.8924,3.75402057e-01,1.39923554e-01
0.8974,3.77926454e-01,1.40821580e-01
0.9024,3.80424277e-01,1.41706432e-01
0.9074,3.82895422e-01,1.42578074e-01
0.9124,3.85339802e-01,1.43436479e-01
0.9174,3.87757345e-01,1.44281624e-01
0.9224,3.90147990e-01,1.45113493e-01
0.9274,3.92511693e-01,1.45932076e-01
0.9324,3.94848421e-01,1.46737369e-01
0.9374,3.97158153e-01,1.47529376e-01
0.9424,3.99440883e-01,1.48308103e-01
0.9474,4.01696614e-01,1.49073565e-01
0.9524,4.03925364e-01,1.49825779e-01
0.9574,4.06127158e-01,1.50564771e-01
0.9624,4.08302036e-01,1.51290568e-01
0.9674,4.10450045e-01,1.52003205e-01
0.9724,4.12571244e-01,1.52702721e-01
0.9774,4.14665701e-01,1.53389157e-01
0.9824,4.16733493e-01,1.54062562e-01
0.9874,4.18774705e-01,1.54722987e-01
0.9924,4.20789434e-01,1.55370487e-01
0.9974,4.22777780e-01,1.56005121e-01
1.0024,4.24739855e-01,1.56626953e-01
1.0074,4.26675776e-01,1.57236049e-01
1.0124,4.28585668e-01,1.57832478e-01
1.0174,4.30469663e-01,1.58416314e-01
1.0224,4.32327899e-01,1.58987633e-01
1.0274,4.34160519e-01,1.59546514e-01
1.0324,4.35967673e-01,1.60093038e-01
1.0374,4.37749517e-01,1.60627290e-01
1.0424,4.39506210e-01,1.61149357e-01
1.0474,4.41237918e-01,1.61659329e-01
1.0524,4.42944809e-01,1.62157296e-01
1.0574,4.44627059e-01,1.62643353e-01
1.0624,4.46284844e-01,1.63117595e-01
1.0674,4.47918346e-01,1.63580120e-01
1.0724,4.49527750e-01,1.64031026e-01
1.0774,4.51113243e-01,1.64470415e-01
1.0824,4.52675017e-01,1.64898389e-01
1.0874,4.54213265e-01,1.65315052e-01
1.0924,4.55728183e-01,1.65720510e-01
1.0974,4.57219970e-01,1.66114867e-01
1.1024,4.58688826e-01,1.66498232e-01
1.1074,4.60134952e-01,1.66870714e-01
1.1124,4.61558554e-01,1.67232421e-01
1.1174,4.62959835e-01,1.67583463e-01
1.1224,4.64339002e-01,1.67923952e-01
1.1274,4.65696264e-01,1.68253999e-01
1.1324,4.67031827e-01,1.68573716e-01
1.1374,4.68345902e-01,1.68883216e-01
1.1424,4.69638698e-01,1.69182611e-01
1.1474,4.70910425e-01,1.69472015e-01
1.1524,4.72161294e-01,1.69751541e-01
1.1574,4.73391514e-01,1.70021304e-01
1.1624,4.74601298e-01,1.70281417e-01
1.1674,4.75790854e-01,1.70531994e-01
1.1724,4.76960394e-01,1.70773149e-01
1.1774,4.78110127e-01,1.71004996e-01
1.1824,4.79240262e-01,1.71227648e-01
1.1874,4.80351009e-01,1.71441221e-01
1.1924,4.81442576e-01,1.71645826e-01
1.1974,4.82515170e-01,1.71841577e-01
1.2024,4.83568998e-01,1.72028587e-01
1.2074,4.84604266e-01,1.72206968e-01
1.2124,4.85621179e-01,1.72376833e-01
1.2174,4.86619939e-01,1.72538293e-01
1.2224,4.87600751e-01,1.72691460e-01
1.2274,4.88563814e-01,1.72836444e-01
1.2324,4.89509331e-01,1.72973355e-01
1.2374,4.90437498e-01,1.73102304e-01
1.2424,4.91348515e-01,1.73223398e-01
1.2474,4.92242577e-01,1.73336746e-01
1.2524,4.93119878e-01,1.73442457e-01
1.2574,4.93980613e-01,1.73540636e-01
1.2624,4.94824972e-01,1.73631391e-01
1.2674,4.95653146e-01,1.73714826e-01
1.2724,4.96465324e-01,1.73791047e-01
1.2774,4.97261692e-01,1.73860157e-01
1.2824,4.98042435e-01,1.73922260e-01
1.2874,4.98807738e-01,1.73977458e-01
1.2924,4.99557782e-01,1.74025853e-01
1.2974,5.00292748e-01,1.74067544e-01
1.3024,5.01012813e-01,1.74102633e-01
1.3074,5.01718155e-01,1.74131218e-01
1.3124,5.02408950e-01,1.74153397e-01
1.3174,5.03085369e-01,1.74169266e-01
1.3224,5.03747585e-01,1.74178924e-01
1.3274,5.04395767e-01,1.74182464e-01
1.3324,5.05030083e-01,1.74179981e-01
1.3374,5.05650700e-01,1.74171568e-01
1.3424,5.06257782e-01,1.74157319e-01
1.3474,5.06851492e-01,1.74137324e-01
1.3524,5.07431990e-01,1.74111674e-01
1.3574,5.07999435e-01,1.74080459e-01
1.3624,5.08553986e-01,1.74043767e-01
1.3674,5.09095796e-01,1.74001687e-01
1.3724,5.09625021e-01,1.73954305e-01
1.3774,5.10141812e-01,1.73901706e-01
1.3824,5.10646320e-01,1.73843976e-01
1.3874,5.11138692e-01,1.73781198e-01
1.3924,5.11619077e-01,1.73713456e-01
1.3974,5.12087618e-01,1.73640831e-01
1.4024,5.12544459e-01,1.73563404e-01
1.4074,5.12989743e-01,1.73481256e-01
1.4124,5.13423608e-01,1.73394465e-01
1.4174,5.13846194e-01,1.73303109e-01
1.4224,5.14257637e-01,1.73207265e-01
1.4274,5.14658072e-01,1.73107011e-01
1.4324,5.15047632e-01,1.73002420e-01
1.4374,5.15426450e-01,1.72893567e-01
1.4424,5.15794655e-01,1.72780526e-01
1.4474,5.16152376e-01,1.72663369e-01
1.4524,5.16499741e-01,1.72542168e-01
1.4574,5.16836874e-01,1.72416992e-01
1.4624,5.17163899e-01,1.72287913e-01
1.4674,5.17480940e-01,1.72154998e-01
1.4724,5.17788116e-01,1.72018315e-01
1.4774,5.18085548e-01,1.71877931e-01
1.4824,5.18373353e-01,1.71733913e-01
1.4874,5.18651648e-01,1.71586326e-01
1.4924,5.18920548e-01,1.71435233e-01
1.4974,5.19180166e-01,1.71280699e-01
1.5024,5.19430615e-01,1.71122786e-01
1.5074,5.19672006e-01,1.70961555e-01
1.5124,5.19904448e-01,1.70797067e-01
1.5174,5.20128050e-01,1.70629384e-01
1.5224,5.20342917e-01,1.70458562e-01
1.5274,5.20549156e-01,1.70284662e-01
1.5324,5.20746870e-01,1.70107741e-01
1.5374,5.20936163e-01,1.69927855e-01
1.5424,5.21117137e-01,1.69745060e-01
1.5474,5.21289890e-01,1.69559412e-01
1.5524,5.21454524e-01,1.69370964e-01
1.5574,5.21611135e-01,1.69179772e-01
1.5624,5.21759820e-01,1.68985886e-01
1.5674,5.21900675e-01,1.68789360e-01
1.5724,5.22033793e-01,1.68590244e-01
1.5774,5.22159269e-01,1.68388590e-01
1.5824,5.22277194e-01,1.68184447e-01
1.5874,5.22387659e-01,1.67977864e-01
1.5924,5.22490753e-01,1.67768890e-01
1.5974,5.22586566e-01,1.67557572e-01
1.6024,5.22675185e-01,1.67343957e-01
1.6074,5.22756697e-01,1.67128092e-01
1.6124,5.22831186e-01,1.66910023e-01
1.6174,5.22898738e-01,1.66689793e-01
1.6224,5.22959435e-01,1.66467448e-01
1.6274,5.23013361e-01,1.66243032e-01
1.6324,5.23060596e-01,1.66016586e-01
1.6374,5.23101220e-01,1.65788153e-01
1.6424,5.23135314e-01,1.65557776e-01
1.6474,5.23162956e-01,1.65325495e-01
1.6524,5.23184223e-01,1.65091350e-01
1.6574,5.23199191e-01,1.64855382e-01
1.6624,5.23207937e-01,1.64617629e-01
1.6674,5.23210535e-01,1.64378131e-01
1.6724,5.23207059e-01,1.64136925e-01
1.6774,5.23197582e-01,1.63894049e-01
1.6824,5.23182176e-01,1.63649539e-01
1.6874,5.23160912e-01,1.63403432e-01
1.6924,5.23133861e-01,1.63155765e-01
1.6974,5.23101092e-01,1.62906571e-01
1.7024,5.23062674e-01,1.62655886e-01
1.7074,5.23018675e-01,1.62403744e-01
1.7124,5.22969161e-01,1.62150178e-01
1.7174,5.22914200e-01,1.61895222e-01
1.7224,5.22853856e-01,1.61638908e-01
1.7274,5.22788195e-01,1.61381269e-01
1.7324,5.22717281e-01,1.61122335e-01
1.7374,5.22641176e-01,1.60862139e-01
1.7424,5.22559943e-01,1.60600710e-01
1.7474,5.22473645e-01,1.60338079e-01
1.7524,5.22382341e-01,1.60074275e-01
1.7574,5.22286093e-01,1.59809328e-01
1.7624,5.22184960e-01,1.59543266e-01
1.7674,5.22079001e-01,1.59276118e-01
1.7724,5.21968273e-01,1.59007912e-01
1.7774,5.21852836e-01,1.58738675e-01
1.7824,5.21732746e-01,1.58468433e-01
1.7874,5.21608058e-01,1.58197215e-01
1.7924,5.21478829e-01,1.57925045e-01
1.7974,5.21345114e-01,1.57651949e-01
1.8023,5.21206966e-01,1.57377954e-01
1.8073,5.21064440e-01,1.57103083e-01
1.8123,5.20917588e-01,1.56827361e-01
1.8173,5.20766464e-01,1.56550813e-01
1.8223,5.20611119e-01,1.56273462e-01
1.8273,5.20451604e-01,1.55995331e-01
1.8323,5.20287970e-01,1.55716445e-01
1.8373,5.20120267e-01,1.55436824e-01
1.8423,5.19948545e-01,1.55156492e-01
1.8473,5.19772853e-01,1.54875471e-01
1.8523,5.19593239e-01,1.54593781e-01
1.8573,5.19409750e-01,1.54311445e-01
1.8623,5.19222435e-01,1.54028484e-01
1.8673,5.19031341e-01,1.53744917e-01
1.8723,5.18836512e-01,1.53460765e-01
1.8773,5.18637996e-01,1.53176048e-01
1.8823,5.18435838e-01,1.52890786e-01
1.8873,5.18230081e-01,1.52604997e-01
1.8923,5.18020771e-01,1.52318701e-01
1.8973,5.17807950e-01,1.52031917e-01
1.9023,5.17591664e-01,1.51744663e-01
1.9073,5.17371953e-01,1.51456957e-01
1.9123,5.17148860e-01,1.51168816e-01
1.9173,5.16922428e-01,1.50880259e-01
1.9223,5.16692697e-01,1.50591302e-01
1.9273,5.16459708e-01,1.50301963e-01
1.9323,5.16223502e-01,1.50012257e-01
1.9373,5.15984119e-01,1.49722202e-01
1.9423,5.15741597e-01,1.49431814e-01
1.9473,5.15495977e-01,1.49141108e-01
1.9523,5.15247297e-01,1.48850099e-01
1.9573,5.14995595e-01,1.48558805e-01
1.9623,5.14740908e-01,1.48267239e-01
1.9673,5.14483275e-01,1.47975416e-01
1.9723,5.14222732e-01,1.47683351e-01
1.9773,5.13959315e-01,1.47391058e-01
1.9823,5.13693061e-01,1.47098552e-01
1.9873,5.13424005e-01,1.46805847e-01
1.9923,5.13152184e-01,1.46512955e-01
1.9973,5.12877630e-01,1.46219891e-01
2.0023,5.12600381e-01,1.45926668e-01
2.0073,5.12320468e-01,1.45633298e-01
2.0123,5.12037927e-01,1.45339795e-01
2.0173,5.11752790e-01,1.45046172e-01
2.0223,5.11465090e-01,1.44752439e-01
2.0273,5.11174861e-01,1.44458611e-01
2.0323,5.10882135e-01,1.44164698e-01
2.0373,5.10586943e-01,1.43870713e-01
2.0423,5.10289317e-01,1.43576667e-01
2.0473,5.09989288e-01,1.43282572e-01
2.0523,5.09686888e-01,1.42988438e-01
2.0573,5.09382147e-01,1.42694277e-01
2.0623,5.09075094e-01,1.42400100e-01
2.0673,5.08765761e-01,1.42105917e-01
2.0723,5.08454176e-01,1.41811739e-01
2.0773,5.08140369e-01,1.41517575e-01
2.0823,5.07824368e-01,1.41223437e-01
2.0873,5.07506203e-01,1.40929334e-01
2.0923,5.07185901e-01,1.40635276e-01
2.0973,5.06863491e-01,1.40341273e-01
2.1023,5.06538999e-01,1.40047333e-01
2.1073,5.06212455e-01,1.39753467e-01
2.1123,5.05883884e-01,1.39459684e-01
2.1173,5.05553313e-01,1.39165992e-01
2.1223,5.05220769e-01,1.38872400e-01
2.1273,5.04886278e-01,1.38578917e-01
2.1323,5.04549866e-01,1.38285552e-01
2.1373,5.04211558e-01,1.37992313e-01
2.1423,5.03871381e-01,1.37699209e-01
2.1473,5.03529358e-01,1.37406246e-01
2.1523,5.03185514e-01,1.37113434e-01
2.1573,5.02839875e-01,1.36820781e-01
2.1623,5.02492464e-01,1.36528293e-01
2.1673,5.02143305e-01,1.36235979e-01
2.1723,5.01792422e-01,1.35943845e-01
2.1773,5.01439839e-01,1.35651900e-01
2.1823,5.01085578e-01,1.35360151e-01
2.1873,5.00729663e-01,1.35068604e-01
2.1923,5.00372116e-01,1.34777266e-01
2.1973,5.00012959e-01,1.34486145e-01
2.2023,4.99652216e-01,1.34195246e-01
2.2073,4.99289907e-01,1.33904578e-01
2.2123,4.98926054e-01,1.33614145e-01
2.2173,4.98560680e-01,1.33323955e-01
2.2223,4.98193804e-01,1.33034013e-01
2.2273,4.97825449e-01,1.32744326e-01
2.2323,4.97455634e-01,1.32454901e-01
2.2373,4.97084381e-01,1.32165741e-01
2.2423,4.96711710e-01,1.31876855e-01
2.2473,4.96337640e-01,1.31588246e-01
2.2523,4.95962192e-01,1.31299922e-01
2.2573,4.95585385e-01,1.31011887e-01
2.2623,4.95207239e-01,1.30724146e-01
2.2673,4.94827773e-01,1.30436706e-01
2.2723,4.94447006e-01,1.30149571e-01
2.2773,4.94064957e-01,1.29862746e-01
2.2823,4.93681644e-01,1.29576237e-01
2.2873,4.93297086e-01,1.29290048e-01
2.2923,4.92911301e-01,1.29004185e-01
2.2973,4.92524306e-01,1.28718651e-01
2.3023,4.92136121e-01,1.28433452e-01
2.3073,4.91746761e-01,1.28148593e-01
2.3123,4.91356246e-01,1.27864077e-01
2.3173,4.90964591e-01,1.27579909e-01
2.3223,4.90571815e-01,1.27296093e-01
2.3273,4.90177933e-01,1.27012634e-01
2.3323,4.89782962e-01,1.26729536e-01
2.3373,4.89386920e-01,1.26446803e-01
2.3423,4.88989822e-01,1.26164439e-01
2.3473,4.88591684e-01,1.25882448e-01
2.3523,4.88192522e-01,1.25600833e-01
2.3573,4.87792353e-01,1.25319599e-01
2.3623,4.87391191e-01,1.25038749e-01
2.3673,4.86989052e-01,1.24758287e-01
2.3723,4.86585951e-01,1.24478217e-01
2.3773,4.86181904e-01,1.24198541e-01
2.3823,4.85776926e-01,1.23919263e-01
2.3873,4.85371030e-01,1.23640388e-01
2.3923,4.84964232e-01,1.23361917e-01
2.3973,4.84556546e-01,1.23083854e-01
2.4023,4.84147986e-01,1.22806203e-01
2.4073,4.83738567e-01,1.22528966e-01
2.4123,4.83328302e-01,1.22252146e-01
2.4173,4.82917206e-01,1.21975747e-01
2.4223,4.82505292e-01,1.21699771e-01
2.4273,4.82092573e-01,1.21424222e-01
2.4323,4.81679063e-01,1.21149101e-01
2.4373,4.81264774e-01,1.20874412e-01
2.4423,4.80849721e-01,1.20600157e-01
2.4473,4.80433917e-01,1.20326340e-01
2.4523,4.80017372e-01,1.20052961e-01
2.4573,4.79600102e-01,1.19780025e-01
2.4623,4.79182117e-01,1.19507533e-01
2.4673,4.78763431e-01,1.19235488e-01
2.4723,4.78344055e-01,1.18963892e-01
2.4773,4.77924002e-01,1.18692748e-01
2.4823,4.77503284e-01,1.18422057e-01
2.4873,4.77081912e-01,1.18151823e-01
2.4923,4.76659899e-01,1.17882046e-01
2.4973,4.76237255e-01,1.17612729e-01
2.5023,4.75813993e-01,1.17343874e-01
2.5073,4.75390123e-01,1.17075484e-01
2.5123,4.74965657e-01,1.16807560e-01
2.5173,4.74540606e-01,1.16540103e-01
2.5223,4.74114981e-01,1.16273116e-01
2.5273,4.73688792e-01,1.16006601e-01
2.5323,4.73262051e-01,1.15740559e-01
2.5373,4.72834769e-01,1.15474993e-01
2.5423,4.72406954e-01,1.15209903e-01
2.5473,4.71978619e-01,1.14945291e-01
2.5523,4.71549772e-01,1.14681160e-01
2.5573,4.71120425e-01,1.14417510e-01
2.5623,4.70690588e-01,1.14154343e-01
2.5673,4.70260269e-01,1.13891660e-01
2.5723,4.69829480e-01,1.13629463e-01
2.5773,4.69398230e-01,1.13367754e-01
2.5823,4.68966528e-01,1.13106533e-01
2.5873,4.68534384e-01,1.12845803e-01
2.5923,4.68101807e-01,1.12585563e-01
2.5973,4.67668807e-01,1.12325816e-01
2.6023,4.67235393e-01,1.12066563e-01
2.6073,4.66801574e-01,1.11807805e-01
2.6123,4.66367359e-01,1.11549542e-01
2.6173,4.65932756e-01,1.11291777e-01
2.6223,4.65497775e-01,1.11034509e-01
2.6273,4.65062425e-01,1.10777741e-01
2.6323,4.64626713e-01,1.10521473e-01
2.6373,4.64190649e-01,1.10265707e-01
2.6423,4.63754241e-01,1.10010442e-01
2.6473,4.63317497e-01,1.09755680e-01
2.6523,4.62880425e-01,1.09501422e-01
2.6573,4.62443034e-01,1.09247669e-01
2.6623,4.62005332e-01,1.08994421e-01
2.6673,4.61567326e-01,1.08741680e-01
2.6723,4.61129025e-01,1.08489446e-01
2.6773,4.60690436e-01,1.08237719e-01
2.6823,4.60251567e-01,1.07986501e-01
2.6873,4.59812425e-01,1.07735792e-01
2.6923,4.59373019e-01,1.07485592e-01
2.6973,4.58933356e-01,1.07235903e-01
2.7023,4.58493442e-01,1.06986725e-01
2.7073,4.58053286e-01,1.06738058e-01
2.7123,4.57612894e-01,1.06489904e-01
2.7173,4.57172274e-01,1.06242262e-01
2.7223,4.56731432e-01,1.05995133e-01
2.7273,4.56290377e-01,1.05748517e-01
2.7323,4.55849114e-01,1.05502415e-01
2.7373,4.55407650e-01,1.05256828e-01
2.7423,4.54965993e-01,1.05011755e-01
2.7473,4.54524148e-01,1.04767197e-01
2.7523,4.54082123e-01,1.04523155e-01
2.7573,4.53639924e-01,1.04279628e-01
2.7623,4.53197558e-01,1.04036618e-01
2.7673,4.52755030e-01,1.03794123e-01
2.7723,4.52312348e-01,1.03552145e-01
2.7773,4.51869517e-01,1.03310684e-01
2.7823,4.51426543e-01,1.03069740e-01
2.7873,4.50983434e-01,1.02829312e-01
2.7923,4.50540194e-01,1.02589403e-01
2.7973,4.50096831e-01,1.02350010e-01
2.8023,4.49653348e-01,1.02111135e-01
2.8073,4.49209754e-01,1.01872778e-01
2.8123,4.48766053e-01,1.01634938e-01
2.8173,4.48322251e-01,1.01397616e-01
2.8223,4.47878354e-01,1.01160812e-01
2.8273,4.47434367e-01,1.00924526e-01
2.8323,4.46990296e-01,1.00688758e-01
2.8373,4.46546147e-01,1.00453508e-01
2.8423,4.46101924e-01,1.00218775e-01
2.8473,4.45657633e-01,9.99845607e-02
2.8523,4.45213281e-01,9.97508637e-02
2.8573,4.44768870e-01,9.95176845e-02
2.8623,4.44324408e-01,9.92850228e-02
2.8673,4.43879899e-01,9.90528786e-02
2.8723,4.43435348e-01,9.88212518e-02
2.8773,4.42990760e-01,9.85901421e-02
2.8823,4.42546140e-01,9.83595495e-02
2.8873,4.42101493e-01,9.81294738e-02
2.8923,4.41656824e-01,9.78999148e-02
2.8973,4.41212138e-01,9.76708723e-02
2.9023,4.40767439e-01,9.74423460e-02
2.9073,4.40322732e-01,9.72143359e-02
2.9123,4.39878022e-01,9.69868415e-02
2.9173,4.39433313e-01,9.67598626e-02
2.9223,4.38988610e-01,9.65333990e-02
2.9273,4.38543918e-01,9.63074504e-02
2.9323,4.38099240e-01,9.60820166e-02
2.9373,4.37654582e-01,9.58570970e-02
2.9423,4.37209947e-01,9.56326916e-02
2.9473,4.36765340e-01,9.54087998e-02
2.9523,4.36320765e-01,9.51854215e-02
2.9573,4.35876227e-01,9.49625561e-02
2.9623,4.35431729e-01,9.47402034e-02
2.9673,4.34987275e-01,9.45183629e-02
2.9723,4.34542870e-01,9.42970343e-02
2.9773,4.34098518e-01,9.40762171e-02
2.9823,4.33654223e-01,9.38559109e-02
2.9873,4.33209988e-01,9.36361154e-02
2.9923,4.32765817e-01,9.34168300e-02
2.9973,4.32321715e-01,9.31980543e-02
3.0022,4.31877685e-01,9.29797878e-02
3.0072,4.31433731e-01,9.27620301e-02
3.0122,4.30989857e-01,9.25447806e-02
3.0172,4.30546065e-01,9.23280390e-02
3.0222,4.30102361e-01,9.21118046e-02
3.0272,4.29658747e-01,9.18960770e-02
3.0322,4.29215228e-01,9.16808557e-02
3.0372,4.28771805e-01,9.14661400e-02
3.0422,4.28328484e-01,9.12519296e-02
3.0472,4.27885268e-01,9.10382237e-02
3.0522,4.27442159e-01,9.08250220e-02
3.0572,4.26999162e-01,9.06123237e-02
3.0622,4.26556279e-01,9.04001283e-02
3.0672,4.26113514e-01,9.01884353e-02
3.0722,4.25670870e-01,8.99772440e-02
3.0772,4.25228351e-01,8.97665538e-02
3.0822,4.24785959e-01,8.95563642e-02
3.0872,4.24343698e-01,8.93466744e-02
3.0922,4.23901571e-01,8.91374840e-02
3.0972,4.23459580e-01,8.89287922e-02
3.1022,4.23017730e-01,8.87205984e-02
3.1072,4.22576022e-01,8.85129020e-02
3.1122,4.22134461e-01,8.83057022e-02
3.1172,4.21693048e-01,8.80989985e-02
3.1222,4.21251787e-01,8.78927902e-02
3.1272,4.20810680e-01,8.76870766e-02
3.1322,4.20369731e-01,8.74818570e-02
3.1372,4.19928942e-01,8.72771307e-02
3.1422,4.19488317e-01,8.70728971e-02
3.1472,4.19047857e-01,8.68691554e-02
3.1522,4.18607565e-01,8.66659049e-02
3.1572,4.18167445e-01,8.64631449e-02
3.1622,4.17727499e-01,8.62608746e-02
3.1672,4.17287729e-01,8.60590935e-02
3.1722,4.16848138e-01,8.58578006e-02
3.1772,4.16408729e-01,8.56569954e-02
3.1822,4.15969504e-01,8.54566769e-02
3.1872,4.15530466e-01,8.52568446e-02
3.1922,4.15091617e-01,8.50574976e-02
3.1972,4.14652960e-01,8.48586352e-02
3.2022,4.14214497e-01,8.46602565e-02
3.2072,4.13776230e-01,8.44623610e-02
3.2122,4.13338162e-01,8.42649477e-02
3.2172,4.12900295e-01,8.40680158e-02
3.2222,4.12462632e-01,8.38715647e-02
3.2272,4.12025174e-01,8.36755935e-02
3.2322,4.11587925e-01,8.34801014e-02
3.2372,4.11150885e-01,8.32850876e-02
3.2422,4.10714059e-01,8.30905513e-02
3.2472,4.10277446e-01,8.28964917e-02
3.2522,4.09841051e-01,8.27029081e-02
3.2572,4.09404875e-01,8.25097995e-02
3.2622,4.08968920e-01,8.23171652e-02
3.2672,4.08533188e-01,8.21250043e-02
3.2722,4.08097681e-01,8.19333160e-02
3.2772,4.07662402e-01,8.17420995e-02
3.2822,4.07227352e-01,8.15513540e-02
3.2872,4.06792533e-01,8.13610785e-02
3.2922,4.06357947e-01,8.11712723e-02
3.2972,4.05923597e-01,8.09819346e-02
3.3022,4.05489484e-01,8.07930644e-02
3.3072,4.05055609e-01,8.06046609e-02
3.3122,4.04621976e-01,8.04167233e-02
3.3172,4.04188586e-01,8.02292507e-02
3.3222,4.03755440e-01,8.00422422e-02
3.3272,4.03322541e-01,7.98556970e-02
3.3322,4.02889889e-01,7.96696143e-02
3.3372,4.02457488e-01,7.94839930e-02
3.3422,4.02025339e-01,7.92988325e-02
3.3472,4.01593443e-01,7.91141317e-02
3.3522,4.01161802e-01,7.89298898e-02
3.3572,4.00730418e-01,7.87461060e-02
3.3622,4.00299293e-01,7.85627793e-02
3.3672,3.99868428e-01,7.83799089e-02
3.3722,3.99437825e-01,7.81974939e-02
3.3772,3.99007485e-01,7.80155334e-02
3.3822,3.98577411e-01,7.78340264e-02
3.3872,3.98147603e-01,7.76529722e-02
3.3922,3.97718063e-01,7.74723697e-02
3.3972,3.97288793e-01,7.72922182e-02
3.4022,3.96859794e-01,7.71125166e-02
3.4072,3.96431068e-01,7.69332642e-02
3.4122,3.96002616e-01,7.67544599e-02
3.4172,3.95574440e-01,7.65761030e-02
3.4222,3.95146541e-01,7.63981924e-02
3.4272,3.94718920e-01,7.62207273e-02
3.4322,3.94291580e-01,7.60437067e-02
3.4372,3.93864521e-01,7.58671298e-02
3.4422,3.93437744e-01,7.56909956e-02
3.4472,3.93011252e-01,7.55153033e-02
3.4522,3.92585045e-01,7.53400518e-02
3.4572,3.92159125e-01,7.51652403e-02
3.4622,3.91733493e-01,7.49908678e-02
3.4672,3.91308151e-01,7.48169335e-02
3.4722,3.90883099e-01,7.46434364e-02
3.4772,3.90458339e-01,7.44703756e-02
3.4822,3.90033873e-01,7.42977501e-02
3.4872,3.89609700e-01,7.41255591e-02
3.4922,3.89185824e-01,7.39538016e-02
3.4972,3.88762244e-01,7.37824767e-02
3.5022,3.88338962e-01,7.36115834e-02
3.5072,3.87915980e-01,7.34411208e-02
3.5122,3.87493298e-01,7.32710880e-02
3.5172,3.87070917e-01,7.31014841e-02
3.5222,3.86648839e-01,7.29323081e-02
3.5272,3.86227065e-01,7.27635591e-02
3.5322,3.85805596e-01,7.25952361e-02
3.5372,3.85384433e-01,7.24273383e-02
3.5422,3.84963576e-01,7.22598646e-02
3.5472,3.84543028e-01,7.20928142e-02
3.5522,3.84122789e-01,7.19261861e-02
3.5572,3.83702860e-01,7.17599794e-02
3.5622,3.83283242e-01,7.15941931e-02
3.5672,3.82863937e-01,7.14288263e-02
3.5722,3.82444944e-01,7.12638780e-02
3.5772,3.82026266e-01,7.10993474e-02
3.5822,3.81607903e-01,7.09352335e-02
3.5872,3.81189856e-01,7.07715353e-02
3.5922,3.80772126e-01,7.06082519e-02
3.5972,3.80354713e-01,7.04453824e-02
3.6022,3.79937620e-01,7.02829258e-02
3.6072,3.79520847e-01,7.01208812e-02
3.6122,3.79104394e-01,6.99592476e-02
3.6172,3.78688263e-01,6.97980242e-02
3.6222,3.78272454e-01,6.96372099e-02
3.6272,3.77856968e-01,6.94768038e-02
3.6322,3.77441807e-01,6.93168050e-02
3.6372,3.77026971e-01,6.91572126e-02
3.6422,3.76612460e-01,6.89980255e-02
3.6472,3.76198276e-01,6.88392430e-02
3.6522,3.75784419e-01,6.86808639e-02
3.6572,3.75370891e-01,6.85228874e-02
3.6622,3.74957691e-01,6.83653126e-02
3.6672,3.74544821e-01,6.82081385e-02
3.6722,3.74132282e-01,6.80513642e-02
3.6772,3.73720074e-01,6.78949886e-02
3.6822,3.73308198e-01,6.77390110e-02
3.6872,3.72896654e-01,6.75834303e-02
3.6922,3.72485444e-01,6.74282457e-02
3.6972,3.72074568e-01,6.72734561e-02
3.7022,3.71664027e-01,6.71190607e-02
3.7072,3.71253822e-01,6.69650585e-02
3.7122,3.70843952e-01,6.68114485e-02
3.7172,3.70434420e-01,6.66582299e-02
3.7222,3.70025225e-01,6.65054017e-02
3.7272,3.69616368e-01,6.63529629e-02
3.7322,3.69207850e-01,6.62009127e-02
3.7372,3.68799671e-01,6.60492501e-02
3.7422,3.68391833e-01,6.58979742e-02
3.7472,3.67984335e-01,6.57470840e-02
3.7522,3.67577178e-01,6.55965786e-02
3.7572,3.67170363e-01,6.54464570e-02
3.7622,3.66763890e-01,6.52967185e-02
3.7672,3.66357761e-01,6.51473619e-02
3.7722,3.65951975e-01,6.49983865e-02
3.7772,3.65546533e-01,6.48497912e-02
3.7822,3.65141436e-01,6.47015751e-02
3.7872,3.64736684e-01,6.45537374e-02
3.7922,3.64332278e-01,6.44062770e-02
3.7972,3.63928218e-01,6.42591931e-02
3.8022,3.63524504e-01,6.41124847e-02
3.8072,3.63121138e-01,6.39661510e-02
3.8122,3.62718120e-01,6.38201909e-02
3.8172,3.62315450e-01,6.36746037e-02
3.8222,3.61913129e-01,6.35293883e-02
3.8272,3.61511157e-01,6.33845438e-02
3.8322,3.61109535e-01,6.32400693e-02
3.8372,3.60708263e-01,6.30959640e-02
3.8422,3.60307341e-01,6.29522268e-02
3.8472,3.59906771e-01,6.28088570e-02
3.8522,3.59506552e-01,6.26658534e-02
3.8572,3.59106684e-01,6.25232154e-02
3.8622,3.58707170e-01,6.23809418e-02
3.8672,3.58308007e-01,6.22390319e-02
3.8722,3.57909198e-01,6.20974848e-02
3.8772,3.57510743e-01,6.19562994e-02
3.8822,3.57112641e-01,6.18154749e-02
3.8872,3.56714894e-01,6.16750104e-02
3.8922,3.56317502e-01,6.15349051e-02
3.8972,3.55920464e-01,6.13951579e-02
3.9022,3.55523782e-01,6.12557680e-02
3.9072,3.55127456e-01,6.11167345e-02
3.9122,3.54731486e-01,6.09780565e-02
3.9172,3.54335872e-01,6.08397331e-02
3.9222,3.53940615e-01,6.07017633e-02
3.9272,3.53545716e-01,6.05641464e-02
3.9322,3.53151173e-01,6.04268814e-02
3.9372,3.52756989e-01,6.02899673e-02
3.9422,3.52363163e-01,6.01534034e-02
3.9472,3.51969695e-01,6.00171888e-02
3.9522,3.51576586e-01,5.98813224e-02
3.9572,3.51183835e-01,5.97458036e-02
3.9622,3.50791444e-01,5.96106312e-02
3.9672,3.50399413e-01,5.94758046e-02
3.9722,3.50007742e-01,5.93413227e-02
3.9772,3.49616430e-01,5.92071848e-02
3.9822,3.49225479e-01,5.90733899e-02
3.9872,3.48834889e-01,5.89399371e-02
3.9922,3.48444659e-01,5.88068256e-02
3.9972,3.48054791e-01,5.86740545e-02
4.0022,3.47665284e-01,5.85416230e-02
4.0072,3.47276139e-01,5.84095300e-02
4.0122,3.46887355e-01,5.82777749e-02
4.0172,3.46498934e-01,5.81463566e-02
4.0222,3.46110875e-01,5.80152744e-02
4.0272,3.45723178e-01,5.78845273e-02
4.0322,3.45335844e-01,5.77541145e-02
4.0372,3.44948873e-01,5.76240352e-02
4.0422,3.44562265e-01,5.74942884e-02
4.0472,3.44176021e-01,5.73648733e-02
4.0522,3.43790140e-01,5.72357891e-02
4.0572,3.43404622e-01,5.71070349e-02
4.0622,3.43019469e-01,5.69786097e-02
4.0672,3.42634679e-01,5.68505129e-02
4.0722,3.42250254e-01,5.67227434e-02
4.0772,3.41866193e-01,5.65953005e-02
4.0822,3.41482496e-01,5.64681834e-02
4.0872,3.41099165e-01,5.63413911e-02
4.0922,3.40716198e-01,5.62149228e-02
4.0972,3.40333596e-01,5.60887776e-02
4.1022,3.39951359e-01,5.59629548e-02
4.1072,3.39569487e-01,5.58374534e-02
4.1122,3.39187981e-01,5.57122727e-02
4.1172,3.38806840e-01,5.55874118e-02
4.1222,3.38426065e-01,5.54628698e-02
4.1272,3.38045655e-01,5.53386459e-02
4.1322,3.37665611e-01,5.52147393e-02
4.1372,3.37285934e-01,5.50911492e-02
4.1422,3.36906622e-01,5.49678746e-02
4.1472,3.36527677e-01,5.48449149e-02
4.1522,3.36149097e-01,5.47222690e-02
4.1572,3.35770884e-01,5.45999363e-02
4.1622,3.35393038e-01,5.44779159e-02
4.1672,3.35015558e-01,5.43562070e-02
4.1722,3.34638445e-01,5.42348087e-02
4.1772,3.34261698e-01,5.41137203e-02
4.1822,3.33885318e-01,5.39929408e-02
4.1872,3.33509305e-01,5.38724696e-02
4.1922,3.33133659e-01,5.37523057e-02
4.1972,3.32758379e-01,5.36324484e-02
4.2021,3.32383467e-01,5.35128968e-02
4.2071,3.32008922e-01,5.33936501e-02
4.2121,3.31634743e-01,5.32747076e-02
4.2171,3.31260932e-01,5.31560684e-02
4.2221,3.30887488e-01,5.30377317e-02
4.2271,3.30514411e-01,5.29196967e-02
4.2321,3.30141702e-01,5.28019626e-02
4.2371,3.29769360e-01,5.26845286e-02
4.2421,3.29397385e-01,5.25673939e-02
4.2471,3.29025777e-01,5.24505578e-02
4.2521,3.28654537e-01,5.23340193e-02
4.2571,3.28283664e-01,5.22177777e-02
4.2621,3.27913158e-01,5.21018323e-02
4.2671,3.27543020e-01,5.19861822e-02
4.2721,3.27173249e-01,5.18708266e-02
4.2771,3.26803846e-01,5.17557648e-02
4.2821,3.26434810e-01,5.16409960e-02
4.2871,3.26066141e-01,5.15265193e-02
4.2921,3.25697840e-01,5.14123340e-02
4.2971,3.25329906e-01,5.12984394e-02
4.3021,3.24962339e-01,5.11848346e-02
4.3071,3.24595140e-01,5.10715188e-02
4.3121,3.24228308e-01,5.09584914e-02
4.3171,3.23861844e-01,5.08457515e-02
4.3221,3.23495746e-01,5.07332983e-02
4.3271,3.23130016e-01,5.06211311e-02
4.3321,3.22764653e-01,5.05092491e-02
4.3371,3.22399657e-01,5.03976515e-02
4.3421,3.22035029e-01,5.02863376e-02
4.3471,3.21670767e-01,5.01753066e-02
4.3521,3.21306873e-01,5.00645578e-02
4.3571,3.20943345e-01,4.99540903e-02
4.3621,3.20580184e-01,4.98439035e-02
4.3671,3.20217391e-01,4.97339965e-02
4.3721,3.19854964e-01,4.96243687e-02
4.3771,3.19492904e-01,4.95150192e-02
4.3821,3.19131211e-01,4.94059474e-02
4.3871,3.18769884e-01,4.92971524e-02
4.3921,3.18408924e-01,4.91886335e-02
4.3971,3.18048330e-01,4.90803901e-02
4.4021,3.17688103e-01,4.89724212e-02
4.4071,3.17328243e-01,4.88647262e-02
4.4121,3.16968748e-01,4.87573044e-02
4.4171,3.16609620e-01,4.86501550e-02
4.4221,3.16250858e-01,4.85432772e-02
4.4271,3.15892462e-01,4.84366704e-02
4.4321,3.15534432e-01,4.83303338e-02
4.4371,3.15176768e-01,4.82242666e-02
4.4421,3.14819470e-01,4.81184682e-02
4.4471,3.14462537e-01,4.80129378e-02
4.4521,3.14105970e-01,4.79076747e-02
4.4571,3.13749769e-01,4.78026781e-02
4.4621,3.13393933e-01,4.76979474e-02
4.4671,3.13038462e-01,4.75934817e-02
4.4721,3.12683357e-01,4.74892805e-02
4.4771,3.12328617e-01,4.73853430e-02
4.4821,3.11974241e-01,4.72816684e-02
4.4871,3.11620231e-01,4.71782560e-02
4.4921,3.11266585e-01,4.70751052e-02
4.4971,3.10913304e-01,4.69722153e-02
4.5021,3.10560388e-01,4.68695854e-02
4.5071,3.10207836e-01,4.67672149e-02
4.5121,3.09855648e-01,4.66651031e-02
4.5171,3.09503824e-01,4.65632494e-02
4.5221,3.09152365e-01,4.64616529e-02
4.5271,3.08801269e-01,4.63603130e-02
4.5321,3.08450537e-01,4.62592290e-02
4.5371,3.08100169e-01,4.61584002e-02
4.5421,3.07750164e-01,4.60578259e-02
4.5471,3.07400523e-01,4.59575054e-02
4.5521,3.07051245e-01,4.58574380e-02
4.5571,3.06702330e-01,4.57576231e-02
4.5621,3.06353778e-01,4.56580599e-02
4.5671,3.06005589e-01,4.55587477e-02
4.5721,3.05657762e-01,4.54596859e-02
4.5771,3.05310299e-01,4.53608738e-02
4.5821,3.04963197e-01,4.52623107e-02
4.5871,3.04616458e-01,4.51639959e-02
4.5921,3.04270081e-01,4.50659288e-02
4.5971,3.03924065e-01,4.49681086e-02
4.6021,3.03578412e-01,4.48705347e-02
4.6071,3.03233120e-01,4.47732064e-02
4.6121,3.02888189e-01,4.46761231e-02
4.6171,3.02543620e-01,4.45792841e-02
4.6221,3.02199412e-01,4.44826886e-02
4.6271,3.01855565e-01,4.43863362e-02
4.6321,3.01512079e-01,4.42902260e-02
4.6371,3.01168953e-01,4.41943574e-02
4.6421,3.00826188e-01,4.40987297e-02
4.6471,3.00483783e-01,4.40033424e-02
4.6521,3.00141738e-01,4.39081947e-02
4.6571,2.99800053e-01,4.38132860e-02
4.6621,2.99458728e-01,4.37186156e-02
4.6671,2.99117763e-01,4.36241829e-02
4.6721,2.98777157e-01,4.35299873e-02
4.6771,2.98436910e-01,4.34360280e-02
4.6821,2.98097022e-01,4.33423044e-02
4.6871,2.97757493e-01,4.32488159e-02
4.6921,2.97418323e-01,4.31555619e-02
4.6971,2.97079511e-01,4.30625416e-02
4.7021,2.96741057e-01,4.29697545e-02
4.7071,2.96402962e-01,4.28772000e-02
4.7121,2.96065225e-01,4.27848773e-02
4.7171,2.95727845e-01,4.26927858e-02
4.7221,2.95390823e-01,4.26009250e-02
4.7271,2.95054158e-01,4.25092942e-02
4.7321,2.94717850e-01,4.24178927e-02
4.7371,2.94381899e-01,4.23267199e-02
4.7421,2.94046305e-01,4.22357752e-02
4.7471,2.93711068e-01,4.21450580e-02
4.7521,2.93376187e-01,4.20545676e-02
4.7571,2.93041662e-01,4.19643034e-02
4.7621,2.92707493e-01,4.18742649e-02
4.7671,2.92373680e-01,4.17844513e-02
4.7721,2.92040222e-01,4.16948621e-02
4.7771,2.91707120e-01,4.16054966e-02
4.7821,2.91374372e-01,4.15163543e-02
4.7871,2.91041980e-01,4.14274344e-02
4.7921,2.90709942e-01,4.13387365e-02
4.7971,2.90378259e-01,4.12502599e-02
4.8021,2.90046930e-01,4.11620040e-02
4.8071,2.89715955e-01,4.10739682e-02
4.8121,2.89385334e-01,4.09861518e-02
4.8171,2.89055067e-01,4.08985544e-02
4.8221,2.88725153e-01,4.08111752e-02
4.8271,2.88395592e-01,4.07240137e-02
4.8321,2.88066384e-01,4.06370693e-02
4.8371,2.87737529e-01,4.05503413e-02
4.8421,2.87409026e-01,4.04638293e-02
4.8471,2.87080876e-01,4.03775325e-02
4.8521,2.86753078e-01,4.02914505e-02
4.8571,2.86425631e-01,4.02055825e-02
4.8621,2.86098537e-01,4.01199281e-02
4.8671,2.85771793e-01,4.00344867e-02
4.8721,2.85445401e-01,3.99492576e-02
4.8771,2.85119360e-01,3.98642402e-02
4.8821,2.84793669e-01,3.97794341e-02
4.8871,2.84468329e-01,3.96948386e-02
4.8921,2.84143339e-01,3.96104531e-02
4.8971,2.83818699e-01,3.95262770e-02
4.9021,2.83494409e-01,3.94423098e-02
4.9071,2.83170469e-01,3.93585510e-02
4.9121,2.82846877e-01,3.92749999e-02
4.9171,2.82523635e-01,3.91916559e-02
4.9221,2.82200742e-01,3.91085185e-02
4.9271,2.81878197e-01,3.90255872e-02
4.9321,2.81556001e-01,3.89428613e-02
4.9371,2.81234152e-01,3.88603403e-02
4.9421,2.80912652e-01,3.87780236e-02
4.9471,2.80591499e-01,3.86959107e-02
4.9521,2.80270694e-01,3.86140010e-02
4.9571,2.79950235e-01,3.85322939e-02
4.9621,2.79630124e-01,3.84507890e-02
4.9671,2.79310359e-01,3.83694856e-02
4.9721,2.78990941e-01,3.82883831e-02
4.9771,2.78671869e-01,3.82074811e-02
4.9821,2.78353142e-01,3.81267790e-02
4.9871,2.78034762e-01,3.80462762e-02
4.9921,2.77716726e-01,3.79659722e-02
4.9971,2.77399036e-01,3.78858665e-02
5.0021,2.77081691e-01,3.78059584e-02
5.0071,2.76764691e-01,3.77262475e-02
5.0121,2.76448034e-01,3.76467332e-02
5.0171,2.76131722e-01,3.75674149e-02
5.0221,2.75815754e-01,3.74882922e-02
5.0271,2.75500130e-01,3.74093645e-02
5.0321,2.75184849e-01,3.73306312e-02
5.0371,2.74869911e-01,3.72520918e-02
5.0421,2.74555316e-01,3.71737459e-02
5.0471,2.74241063e-01,3.70955928e-02
5.0521,2.73927153e-01,3.70176320e-02
5.0571,2.73613585e-01,3.69398630e-02
5.0621,2.73300359e-01,3.68622853e-02
5.0671,2.72987474e-01,3.67848983e-02
5.0721,2.72674931e-01,3.67077016e-02
5.0771,2.72362729e-01,3.66306946e-02
5.0821,2.72050867e-01,3.65538767e-02
5.0871,2.71739346e-01,3.64772475e-02
5.0921,2.71428166e-01,3.64008064e-02
5.0971,2.71117325e-01,3.63245530e-02
5.1021,2.70806824e-01,3.62484867e-02
5.1071,2.70496663e-01,3.61726070e-02
5.1121,2.70186841e-01,3.60969133e-02
5.1171,2.69877357e-01,3.60214052e-02
5.1221,2.69568213e-01,3.59460822e-02
5.1271,2.69259407e-01,3.58709438e-02
5.1321,2.68950938e-01,3.57959894e-02
5.1371,2.68642808e-01,3.57212185e-02
5.1421,2.68335016e-01,3.56466307e-02
5.1471,2.68027560e-01,3.55722254e-02
5.1521,2.67720442e-01,3.54980022e-02
5.1571,2.67413661e-01,3.54239605e-02
5.1621,2.67107216e-01,3.53500998e-02
5.1671,2.66801107e-01,3.52764197e-02
5.1721,2.66495335e-01,3.52029196e-02
5.1771,2.66189898e-01,3.51295991e-02
5.1821,2.65884796e-01,3.50564576e-02
5.1871,2.65580030e-01,3.49834947e-02
5.1921,2.65275599e-01,3.49107099e-02
5.1971,2.64971502e-01,3.48381027e-02
5.2021,2.64667740e-01,3.47656726e-02
5.2071,2.64364311e-01,3.46934191e-02
5.2121,2.64061217e-01,3.46213417e-02
5.2171,2.63758455e-01,3.45494400e-02
5.2221,2.63456028e-01,3.44777135e-02
5.2271,2.63153933e-01,3.44061616e-02
5.2321,2.62852171e-01,3.43347840e-02
5.2371,2.62550741e-01,3.42635801e-02
5.2421,2.62249643e-01,3.41925495e-02
5.2471,2.61948877e-01,3.41216916e-02
5.2521,2.61648443e-01,3.40510061e-02
5.2571,2.61348340e-01,3.39804924e-02
5.2621,2.61048568e-01,3.39101500e-02
5.2671,2.60749127e-01,3.38399786e-02
5.2721,2.60450016e-01,3.37699776e-02
5.2771,2.60151236e-01,3.37001466e-02
5.2821,2.59852785e-01,3.36304850e-02
5.2871,2.59554664e-01,3.35609925e-02
5.2921,2.59256872e-01,3.34916686e-02
5.2971,2.58959409e-01,3.34225128e-02
5.3021,2.58662275e-01,3.33535246e-02
5.3071,2.58365470e-01,3.32847036e-02
5.3121,2.58068993e-01,3.32160494e-02
5.3171,2.57772843e-01,3.31475614e-02
5.3221,2.57477022e-01,3.30792393e-02
5.3271,2.57181527e-01,3.30110826e-02
5.3321,2.56886360e-01,3.29430907e-02
5.3371,2.56591520e-01,3.28752634e-02
5.3421,2.56297005e-01,3.28076000e-02
5.3471,2.56002818e-01,3.27401002e-02
5.3521,2.55708956e-01,3.26727636e-02
5.3571,2.55415420e-01,3.26055896e-02
5.3621,2.55122209e-01,3.25385779e-02
5.3671,2.54829323e-01,3.24717279e-02
5.3721,2.54536762e-01,3.24050393e-02
5.3771,2.54244525e-01,3.23385116e-02
5.3821,2.53952613e-01,3.22721444e-02
5.3871,2.53661024e-01,3.22059372e-02
5.3921,2.53369759e-01,3.21398896e-02
5.3971,2.53078818e-01,3.20740012e-02
5.4020,2.52788200e-01,3.20082714e-02
5.4070,2.52497904e-01,3.19427000e-02
5.4120,2.52207931e-01,3.18772864e-02
5.4170,2.51918280e-01,3.18120303e-02
5.4220,2.51628951e-01,3.17469312e-02
5.4270,2.51339943e-01,3.16819886e-02
5.4320,2.51051257e-01,3.16172022e-02
5.4370,2.50762892e-01,3.15525715e-02
5.4420,2.50474847e-01,3.14880961e-02
5.4470,2.50187123e-01,3.14237755e-02
5.4520,2.49899720e-01,3.13596095e-02
5.4570,2.49612636e-01,3.12955974e-02
5.4620,2.49325871e-01,3.12317390e-02
5.4670,2.49039426e-01,3.11680337e-02
5.4720,2.48753300e-01,3.11044812e-02
5.4770,2.48467493e-01,3.10410811e-02
5.4820,2.48182004e-01,3.09778329e-02
5.4870,2.47896833e-01,3.09147363e-02
5.4920,2.47611980e-01,3.08517907e-02
5.4970,2.47327444e-01,3.07889959e-02
5.5020,2.47043226e-01,3.07263514e-02
5.5070,2.46759325e-01,3.06638567e-02
5.5120,2.46475740e-01,3.06015115e-02
5.5170,2.46192472e-01,3.05393154e-02
5.5220,2.45909520e-01,3.04772680e-02
5.5270,2.45626883e-01,3.04153689e-02
5.5320,2.45344562e-01,3.03536176e-02
5.5370,2.45062557e-01,3.02920137e-02
5.5420,2.44780866e-01,3.02305569e-02
5.5470,2.44499490e-01,3.01692468e-02
5.5520,2.44218428e-01,3.01080829e-02
5.5570,2.43937680e-01,3.00470649e-02
5.5620,2.43657246e-01,2.99861924e-02
5.5670,2.43377125e-01,2.99254649e-02
5.5720,2.43097318e-01,2.98648822e-02
5.5770,2.42817823e-01,2.98044437e-02
5.5820,2.42538641e-01,2.97441491e-02
5.5870,2.42259771e-01,2.96839980e-02
5.5920,2.41981213e-01,2.96239900e-02
5.5970,2.41702967e-01,2.95641247e-02
5.6020,2.41425032e-01,2.95044018e-02
5.6070,2.41147408e-01,2.94448209e-02
5.6120,2.40870095e-01,2.93853815e-02
5.6170,2.40593092e-01,2.93260833e-02
5.6220,2.40316400e-01,2.92669259e-02
5.6270,2.40040018e-01,2.92079089e-02
5.6320,2.39763945e-01,2.91490320e-02
5.6370,2.39488181e-01,2.90902948e-02
5.6420,2.39212727e-01,2.90316968e-02
5.6470,2.38937581e-01,2.89732377e-02
5.6520,2.38662743e-01,2.89149172e-02
5.6570,2.38388214e-01,2.88567348e-02
5.6620,2.38113993e-01,2.87986902e-02
5.6670,2.37840079e-01,2.87407830e-02
5.6720,2.37566472e-01,2.86830129e-02
5.6770,2.37293172e-01,2.86253794e-02
5.6820,2.37020179e-01,2.85678823e-02
5.6870,2.36747493e-01,2.85105210e-02
5.6920,2.36475112e-01,2.84532954e-02
5.6970,2.36203037e-01,2.83962049e-02
5.7020,2.35931268e-01,2.83392493e-02
5.7070,2.35659803e-01,2.82824281e-02
5.7120,2.35388644e-01,2.82257410e-02
5.7170,2.35117789e-01,2.81691877e-02
5.7220,2.34847239e-01,2.81127678e-02
5.7270,2.34576992e-01,2.80564809e-02
5.7320,2.34307049e-01,2.80003267e-02
5.7370,2.34037410e-01,2.79443048e-02
5.7420,2.33768074e-01,2.78884148e-02
5.7470,2.33499040e-01,2.78326564e-02
5.7520,2.33230309e-01,2.77770293e-02
5.7570,2.32961880e-01,2.77215330e-02
5.7620,2.32693753e-01,2.76661673e-02
5.7670,2.32425928e-01,2.76109318e-02
5.7720,2.32158404e-01,2.75558261e-02
5.7770,2.31891181e-01,2.75008499e-02
5.7820,2.31624259e-01,2.74460028e-02
5.7870,2.31357637e-01,2.73912845e-02
5.7920,2.31091315e-01,2.73366947e-02
5.7970,2.30825294e-01,2.72822329e-02
5.8020,2.30559571e-01,2.72278990e-02
5.8070,2.30294148e-01,2.71736924e-02
5.8120,2.30029024e-01,2.71196129e-02
5.8170,2.29764199e-01,2.70656601e-02
5.8220,2.29499672e-01,2.70118337e-02
5.8270,2.29235443e-01,2.69581333e-02
5.8320,2.28971512e-01,2.69045586e-02
5.8370,2.28707878e-01,2.68511093e-02
5.8420,2.28444541e-01,2.67977851e-02
5.8470,2.28181502e-01,2.67445855e-02
5.8520,2.27918759e-01,2.66915103e-02
5.8570,2.27656312e-01,2.66385592e-02
5.8620,2.27394161e-01,2.65857317e-02
5.8670,2.27132306e-01,2.65330276e-02
5.8720,2.26870746e-01,2.64804465e-02
5.8770,2.26609482e-01,2.64279882e-02
5.8820,2.26348512e-01,2.63756522e-02
5.8870,2.26087836e-01,2.63234382e-02
5.8920,2.25827455e-01,2.62713460e-02
5.8970,2.25567368e-01,2.62193752e-02
5.9020,2.25307575e-01,2.61675255e-02
5.9070,2.25048075e-01,2.61157964e-02
5.9120,2.24788867e-01,2.60641879e-02
5.9170,2.24529953e-01,2.60126994e-02
5.9220,2.24271331e-01,2.59613307e-02
5.9270,2.24013001e-01,2.59100814e-02
5.9320,2.23754963e-01,2.58589514e-02
5.9370,2.23497217e-01,2.58079401e-02
5.9420,2.23239762e-01,2.57570473e-02
5.9470,2.22982598e-01,2.57062727e-02
5.9520,2.22725724e-01,2.56556160e-02
5.9570,2.22469141e-01,2.56050769e-02
5.9620,2.22212848e-01,2.55546550e-02
5.9670,2.21956845e-01,2.55043500e-02
5.9720,2.21701132e-01,2.54541616e-02
5.9770,2.21445707e-01,2.54040896e-02
5.9820,2.21190572e-01,2.53541336e-02
5.9870,2.20935725e-01,2.53042932e-02
5.9920,2.20681166e-01,2.52545682e-02
5.9970,2.20426896e-01,2.52049583e-02
6.0020,2.20172913e-01,2.51554632e-02
6.0070,2.19919217e-01,2.51060825e-02
6.0120,2.19665809e-01,2.50568160e-02
6.0170,2.19412688e-01,2.50076634e-02
6.0220,2.19159853e-01,2.49586243e-02
6.0270,2.18907304e-01,2.49096984e-02
6.0320,2.18655042e-01,2.48608855e-02
6.0370,2.18403065e-01,2.48121852e-02
6.0420,2.18151373e-01,2.47635973e-02
6.0470,2.17899967e-01,2.47151215e-02
6.0520,2.17648845e-01,2.46667574e-02
6.0570,2.17398008e-01,2.46185047e-02
6.0620,2.17147456e-01,2.45703632e-02
6.0670,2.16897187e-01,2.45223326e-02
6.0720,2.16647201e-01,2.44744125e-02
6.0770,2.16397499e-01,2.44266027e-02
6.0820,2.16148080e-01,2.43789029e-02
6.0870,2.15898944e-01,2.43313128e-02
6.0920,2.15650091e-01,2.42838320e-02
6.0970,2.15401519e-01,2.42364604e-02
6.1020,2.15153229e-01,2.41891977e-02
6.1070,2.14905221e-01,2.41420434e-02
6.1120,2.14657495e-01,2.40949974e-02
6.1170,2.14410049e-01,2.40480594e-02
6.1220,2.14162884e-01,2.40012290e-02
6.1270,2.13915999e-01,2.39545060e-02
6.1320,2.13669395e-01,2.39078901e-02
6.1370,2.13423070e-01,2.38613811e-02
6.1420,2.13177025e-01,2.38149785e-02
6.1470,2.12931259e-01,2.37686823e-02
6.1520,2.12685772e-01,2.37224920e-02
6.1570,2.12440564e-01,2.36764074e-02
6.1620,2.12195634e-01,2.36304282e-02
6.1670,2.11950983e-01,2.35845542e-02
6.1720,2.11706609e-01,2.35387850e-02
6.1770,2.11462512e-01,2.34931204e-02
6.1820,2.11218693e-01,2.34475601e-02
6.1870,2.10975151e-01,2.34021039e-02
6.1920,2.10731885e-01,2.33567514e-02
6.1970,2.10488896e-01,2.33115024e-02
6.2020,2.10246183e-01,2.32663566e-02
6.2070,2.10003746e-01,2.32213137e-02
6.2120,2.09761584e-01,2.31763736e-02
6.2170,2.09519697e-01,2.31315358e-02
6.2220,2.09278086e-01,2.30868001e-02
6.2270,2.09036749e-01,2.30421663e-02
6.2320,2.08795686e-01,2.29976341e-02
6.2370,2.08554897e-01,2.29532032e-02
6.2420,2.08314382e-01,2.29088734e-02
6.2470,2.08074141e-01,2.28646444e-02
6.2520,2.07834172e-01,2.28205159e-02
6.2570,2.07594477e-01,2.27764876e-02
6.2620,2.07355054e-01,2.27325594e-02
6.2670,2.07115904e-01,2.26887309e-02
6.2720,2.06877025e-01,2.26450019e-02
6.2770,2.06638419e-01,2.26013721e-02
6.2820,2.06400084e-01,2.25578412e-02
6.2870,2.06162020e-01,2.25144090e-02
6.2920,2.05924227e-01,2.24710753e-02
6.2970,2.05686704e-01,2.24278398e-02
6.3020,2.05449452e-01,2.23847021e-02
6.3070,2.05212470e-01,2.23416622e-02
6.3120,2.04975757e-01,2.22987196e-02
6.3170,2.04739314e-01,2.22558742e-02
6.3220,2.04503141e-01,2.22131257e-02
6.3270,2.04267236e-01,2.21704738e-02
6.3320,2.04031600e-01,2.21279183e-02
6.3370,2.03796232e-01,2.20854590e-02
6.3420,2.03561132e-01,2.20430955e-02
6.3470,2.03326300e-01,2.20008277e-02
6.3520,2.03091735e-01,2.19586553e-02
6.3570,2.02857438e-01,2.19165780e-02
6.3620,2.02623407e-01,2.18745956e-02
6.3670,2.02389643e-01,2.18327078e-02
6.3720,2.02156145e-01,2.17909145e-02
6.3770,2.01922914e-01,2.17492153e-02
6.3820,2.01689948e-01,2.17076099e-02
6.3870,2.01457248e-01,2.16660983e-02
6.3920,2.01224812e-01,2.16246800e-02
6.3970,2.00992642e-01,2.15833550e-02
6.4020,2.00760737e-01,2.15421228e-02
6.4070,2.00529095e-01,2.15009833e-02
6.4120,2.00297718e-01,2.14599363e-02
6.4170,2.00066605e-01,2.14189815e-02
6.4220,1.99835755e-01,2.13781186e-02
6.4270,1.99605168e-01,2.13373475e-02
6.4320,1.99374845e-01,2.12966678e-02
6.4370,1.99144784e-01,2.12560794e-02
6.4420,1.98914985e-01,2.12155820e-02
6.4470,1.98685448e-01,2.11751754e-02
6.4520,1.98456174e-01,2.11348593e-02
6.4570,1.98227160e-01,2.10946335e-02
6.4620,1.97998408e-01,2.10544978e-02
6.4670,1.97769917e-01,2.10144519e-02
6.4720,1.97541687e-01,2.09744956e-02
6.4770,1.97313717e-01,2.09346286e-02
6.4820,1.97086008e-01,2.08948508e-02
6.4870,1.96858558e-01,2.08551619e-02
6.4920,1.96631367e-01,2.08155617e-02
6.4970,1.96404436e-01,2.07760499e-02
6.5020,1.96177764e-01,2.07366264e-02
6.5070,1.95951351e-01,2.06972908e-02
6.5120,1.95725196e-01,2.06580430e-02
6.5170,1.95499300e-01,2.06188827e-02
6.5220,1.95273661e-01,2.05798097e-02
6.5270,1.95048280e-01,2.05408238e-02
6.5320,1.94823156e-01,2.05019247e-02
6.5370,1.94598290e-01,2.04631123e-02
6.5420,1.94373680e-01,2.04243862e-02
6.5470,1.94149327e-01,2.03857464e-02
6.5520,1.93925230e-01,2.03471925e-02
6.5570,1.93701388e-01,2.03087243e-02
6.5620,1.93477803e-01,2.02703417e-02
6.5670,1.93254473e-01,2.02320444e-02
6.5720,1.93031398e-01,2.01938321e-02
6.5770,1.92808578e-01,2.01557047e-02
6.5820,1.92586013e-01,2.01176619e-02
6.5870,1.92363702e-01,2.00797035e-02
6.5920,1.92141644e-01,2.00418293e-02
6.5970,1.91919841e-01,2.00040392e-02
6.6019,1.91698291e-01,1.99663327e-02
6.6069,1.91476995e-01,1.99287099e-02
6.6119,1.91255951e-01,1.98911703e-02
6.6169,1.91035160e-01,1.98537139e-02
6.6219,1.90814621e-01,1.98163404e-02
6.6269,1.90594335e-01,1.97790496e-02
6.6319,1.90374300e-01,1.97418412e-02
6.6369,1.90154517e-01,1.97047152e-02
6.6419,1.89934985e-01,1.96676712e-02
6.6469,1.89715704e-01,1.96307090e-02
6.6519,1.89496674e-01,1.95938285e-02
6.6569,1.89277894e-01,1.95570294e-02
6.6619,1.89059365e-01,1.95203115e-02
6.6669,1.88841085e-01,1.94836746e-02
6.6719,1.88623055e-01,1.94471186e-02
6.6769,1.88405275e-01,1.94106431e-02
6.6819,1.88187744e-01,1.93742480e-02
6.6869,1.87970461e-01,1.93379331e-02
6.6919,1.87753427e-01,1.93016982e-02
6.6969,1.87536642e-01,1.92655430e-02
6.7019,1.87320104e-01,1.92294674e-02
6.7069,1.87103814e-01,1.91934712e-02
6.7119,1.86887772e-01,1.91575541e-02
6.7169,1.86671977e-01,1.91217160e-02
6.7219,1.86456428e-01,1.90859566e-02
6.7269,1.86241127e-01,1.90502758e-02
6.7319,1.86026072e-01,1.90146734e-02
6.7369,1.85811263e-01,1.89791491e-02
6.7419,1.85596700e-01,1.89437028e-02
6.7469,1.85382382e-01,1.89083342e-02
6.7519,1.85168310e-01,1.88730432e-02
6.7569,1.84954483e-01,1.88378295e-02
6.7619,1.84740900e-01,1.88026930e-02
6.7669,1.84527563e-01,1.87676335e-02
6.7719,1.84314469e-01,1.87326507e-02
6.7769,1.84101620e-01,1.86977445e-02
6.7819,1.83889014e-01,1.86629147e-02
6.7869,1.83676651e-01,1.86281610e-02
6.7919,1.83464532e-01,1.85934834e-02
6.7969,1.83252656e-01,1.85588815e-02
6.8019,1.83041022e-01,1.85243553e-02
6.8069,1.82829631e-01,1.84899044e-02
6.8119,1.82618482e-01,1.84555288e-02
6.8169,1.82407575e-01,1.84212282e-02
6.8219,1.82196909e-01,1.83870025e-02
6.8269,1.81986485e-01,1.83528514e-02
6.8319,1.81776302e-01,1.83187747e-02
6.8369,1.81566359e-01,1.82847723e-02
6.8419,1.81356657e-01,1.82508440e-02
6.8469,1.81147196e-01,1.82169896e-02
6.8519,1.80937974e-01,1.81832089e-02
6.8569,1.80728992e-01,1.81495017e-02
6.8619,1.80520250e-01,1.81158679e-02
6.8669,1.80311747e-01,1.80823072e-02
6.8719,1.80103482e-01,1.80488194e-02
6.8769,1.79895457e-01,1.80154044e-02
6.8819,1.79687670e-01,1.79820621e-02
6.8869,1.79480121e-01,1.79487921e-02
6.8919,1.79272810e-01,1.79155943e-02
6.8969,1.79065736e-01,1.78824686e-02
6.9019,1.78858900e-01,1.78494148e-02
6.9069,1.78652301e-01,1.78164326e-02
6.9119,1.78445939e-01,1.77835219e-02
6.9169,1.78239814e-01,1.77506825e-02
6.9219,1.78033924e-01,1.77179143e-02
6.9269,1.77828271e-01,1.76852170e-02
6.9319,1.77622854e-01,1.76525906e-02
6.9369,1.77417672e-01,1.76200347e-02
6.9419,1.77212726e-01,1.75875492e-02
6.9469,1.77008014e-01,1.75551340e-02
6.9519,1.76803538e-01,1.75227888e-02
6.9569,1.76599296e-01,1.74905135e-02
6.9619,1.76395288e-01,1.74583080e-02
6.9669,1.76191514e-01,1.74261719e-02
6.9719,1.75987974e-01,1.73941053e-02
6.9769,1.75784667e-01,1.73621078e-02
6.9819,1.75581593e-01,1.73301794e-02
6.9869,1.75378753e-01,1.72983197e-02
6.9919,1.75176145e-01,1.72665288e-02
6.9969,1.74973770e-01,1.72348063e-02
7.0019,1.74771626e-01,1.72031522e-02
7.0069,1.74569715e-01,1.71715662e-02
7.0119,1.74368036e-01,1.71400482e-02
7.0169,1.74166587e-01,1.71085981e-02
7.0219,1.73965370e-01,1.70772155e-02
7.0269,1.73764384e-01,1.70459004e-02
7.0319,1.73563629e-01,1.70146527e-02
7.0369,1.73363103e-01,1.69834720e-02
7.0419,1.73162809e-01,1.69523583e-02
7.0469,1.72962743e-01,1.69213115e-02
7.0519,1.72762908e-01,1.68903312e-02
7.0569,1.72563302e-01,1.68594174e-02
7.0619,1.72363925e-01,1.68285699e-02
7.0669,1.72164777e-01,1.67977886e-02
7.0719,1.71965857e-01,1.67670732e-02
7.0769,1.71767166e-01,1.67364236e-02
7.0819,1.71568703e-01,1.67058396e-02
7.0869,1.71370468e-01,1.66753211e-02
7.0919,1.71172460e-01,1.66448679e-02
7.0969,1.70974680e-01,1.66144799e-02
7.1019,1.70777126e-01,1.65841568e-02
7.1069,1.70579800e-01,1.65538986e-02
7.1119,1.70382700e-01,1.65237050e-02
7.1169,1.70185827e-01,1.64935759e-02
7.1219,1.69989179e-01,1.64635112e-02
7.1269,1.69792757e-01,1.64335106e-02
7.1319,1.69596561e-01,1.64035741e-02
7.1369,1.69400591e-01,1.63737014e-02
7.1419,1.69204845e-01,1.63438924e-02
7.1469,1.69009324e-01,1.63141469e-02
7.1519,1.68814028e-01,1.62844648e-02
7.1569,1.68618956e-01,1.62548460e-02
7.1619,1.68424108e-01,1.62252902e-02
7.1669,1.68229484e-01,1.61957973e-02
7.1719,1.68035084e-01,1.61663672e-02
7.1769,1.67840906e-01,1.61369997e-02
7.1819,1.67646952e-01,1.61076946e-02
7.1869,1.67453221e-01,1.60784518e-02
7.1919,1.67259712e-01,1.60492711e-02
7.1969,1.67066426e-01,1.60201524e-02
7.2019,1.66873362e-01,1.59910956e-02
7.2069,1.66680519e-01,1.59621004e-02
7.2119,1.66487898e-01,1.59331667e-02
7.2169,1.66295499e-01,1.59042944e-02
7.2219,1.66103320e-01,1.58754833e-02
7.2269,1.65911362e-01,1.58467333e-02
7.2319,1.65719625e-01,1.58180442e-02
7.2369,1.65528109e-01,1.57894159e-02
7.2419,1.65336812e-01,1.57608481e-02
7.2469,1.65145735e-01,1.57323408e-02
7.2519,1.64954878e-01,1.57038939e-02
7.2569,1.64764240e-01,1.56755071e-02
7.2619,1.64573822e-01,1.56471803e-02
7.2669,1.64383622e-01,1.56189134e-02
7.2719,1.64193641e-01,1.55907062e-02
7.2769,1.64003878e-01,1.55625585e-02
7.2819,1.63814333e-01,1.55344703e-02
7.2869,1.63625006e-01,1.55064414e-02
7.2919,1.63435897e-01,1.54784716e-02
7.2969,1.63247006e-01,1.54505608e-02
7.3019,1.63058331e-01,1.54227088e-02
7.3069,1.62869873e-01,1.53949155e-02
7.3119,1.62681632e-01,1.53671808e-02
7.3169,1.62493608e-01,1.53395045e-02
7.3219,1.62305800e-01,1.53118864e-02
7.3269,1.62118207e-01,1.52843265e-02
7.3319,1.61930830e-01,1.52568245e-02
7.3369,1.61743669e-01,1.52293804e-02
7.3419,1.61556723e-01,1.52019940e-02
7.3469,1.61369992e-01,1.51746651e-02
7.3519,1.61183476e-01,1.51473936e-02
7.3569,1.60997174e-01,1.51201794e-02
7.3619,1.60811087e-01,1.50930224e-02
7.3669,1.60625213e-01,1.50659223e-02
7.3719,1.60439553e-01,1.50388790e-02
7.3769,1.60254107e-01,1.50118925e-02
7.3819,1.60068874e-01,1.49849626e-02
7.3869,1.59883854e-01,1.49580890e-02
7.3919,1.59699047e-01,1.49312718e-02
7.3969,1.59514453e-01,1.49045107e-02
7.4019,1.59330071e-01,1.48778057e-02
7.4069,1.59145901e-01,1.48511565e-02
7.4119,1.58961943e-01,1.48245631e-02
7.4169,1.58778196e-01,1.47980253e-02
7.4219,1.58594661e-01,1.47715429e-02
7.4269,1.58411337e-01,1.47451159e-02
7.4319,1.58228224e-01,1.47187441e-02
7.4369,1.58045322e-01,1.46924274e-02
7.4419,1.57862630e-01,1.46661656e-02
7.4469,1.57680148e-01,1.46399586e-02
7.4519,1.57497876e-01,1.46138062e-02
7.4569,1.57315814e-01,1.45877084e-02
7.4619,1.57133962e-01,1.45616650e-02
7.4669,1.56952318e-01,1.45356759e-02
7.4719,1.56770884e-01,1.45097409e-02
7.4769,1.56589659e-01,1.44838599e-02
7.4819,1.56408642e-01,1.44580327e-02
7.4869,1.56227833e-01,1.44322593e-02
7.4919,1.56047233e-01,1.44065396e-02
7.4969,1.55866840e-01,1.43808733e-02
7.5019,1.55686655e-01,1.43552603e-02
7.5069,1.55506677e-01,1.43297006e-02
7.5119,1.55326907e-01,1.43041939e-02
7.5169,1.55147343e-01,1.42787403e-02
7.5219,1.54967986e-01,1.42533394e-02
7.5269,1.54788836e-01,1.42279913e-02
7.5319,1.54609891e-01,1.42026957e-02
7.5369,1.54431153e-01,1.41774526e-02
7.5419,1.54252620e-01,1.41522618e-02
7.5469,1.54074293e-01,1.41271232e-02
7.5519,1.53896172e-01,1.41020367e-02
7.5569,1.53718255e-01,1.40770021e-02
7.5619,1.53540543e-01,1.40520194e-02
7.5669,1.53363036e-01,1.40270883e-02
7.5719,1.53185733e-01,1.40022088e-02
7.5769,1.53008634e-01,1.39773807e-02
7.5819,1.52831739e-01,1.39526040e-02
7.5869,1.52655048e-01,1.39278784e-02
7.5919,1.52478560e-01,1.39032040e-02
7.5969,1.52302276e-01,1.38785805e-02
7.6019,1.52126194e-01,1.38540078e-02
7.6069,1.51950315e-01,1.38294858e-02
7.6119,1.51774639e-01,1.38050143e-02
7.6169,1.51599165e-01,1.37805934e-02
7.6219,1.51423893e-01,1.37562228e-02
7.6269,1.51248823e-01,1.37319023e-02
7.6319,1.51073954e-01,1.37076320e-02
7.6369,1.50899287e-01,1.36834117e-02
7.6419,1.50724821e-01,1.36592412e-02
7.6469,1.50550556e-01,1.36351204e-02
7.6519,1.50376492e-01,1.36110493e-02
7.6569,1.50202628e-01,1.35870277e-02
7.6619,1.50028964e-01,1.35630554e-02
7.6669,1.49855500e-01,1.35391324e-02
7.6719,1.49682237e-01,1.35152585e-02
7.6769,1.49509172e-01,1.34914336e-02
7.6819,1.49336307e-01,1.34676577e-02
7.6869,1.49163642e-01,1.34439305e-02
7.6919,1.48991175e-01,1.34202520e-02
7.6969,1.48818907e-01,1.33966221e-02
7.7019,1.48646837e-01,1.33730406e-02
7.7069,1.48474965e-01,1.33495074e-02
7.7119,1.48303292e-01,1.33260224e-02
7.7169,1.48131816e-01,1.33025855e-02
7.7219,1.47960537e-01,1.32791966e-02
7.7269,1.47789456e-01,1.32558555e-02
7.7319,1.47618573e-01,1.32325622e-02
7.7369,1.47447886e-01,1.32093165e-02
7.7419,1.47277395e-01,1.31861183e-02
7.7469,1.47107101e-01,1.31629675e-02
7.7519,1.46937004e-01,1.31398640e-02
7.7569,1.46767102e-01,1.31168077e-02
7.7619,1.46597396e-01,1.30937984e-02
7.7669,1.46427885e-01,1.30708361e-02
7.7719,1.46258570e-01,1.30479207e-02
7.7769,1.46089450e-01,1.30250520e-02
7.7819,1.45920525e-01,1.30022298e-02
7.7869,1.45751795e-01,1.29794542e-02
7.7919,1.45583259e-01,1.29567250e-02
7.7969,1.45414917e-01,1.29340421e-02
7.8018,1.45246769e-01,1.29114053e-02
7.8068,1.45078815e-01,1.28888146e-02
7.8118,1.44911054e-01,1.28662699e-02
7.8168,1.44743487e-01,1.28437710e-02
7.8218,1.44576113e-01,1.28213178e-02
7.8268,1.44408932e-01,1.27989103e-02
7.8318,1.44241943e-01,1.27765483e-02
7.8368,1.44075147e-01,1.27542317e-02
7.8418,1.43908543e-01,1.27319604e-02
7.8468,1.43742132e-01,1.27097343e-02
7.8518,1.43575912e-01,1.26875532e-02
7.8568,1.43409883e-01,1.26654172e-02
7.8618,1.43244046e-01,1.26433260e-02
7.8668,1.43078400e-01,1.26212796e-02
7.8718,1.42912945e-01,1.25992779e-02
7.8768,1.42747681e-01,1.25773207e-02
7.8818,1.42582607e-01,1.25554080e-02
7.8868,1.42417724e-01,1.25335396e-02
7.8918,1.42253030e-01,1.25117155e-02
7.8968,1.42088527e-01,1.24899355e-02
7.9018,1.41924213e-01,1.24681995e-02
7.9068,1.41760088e-01,1.24465075e-02
7.9118,1.41596153e-01,1.24248592e-02
7.9168,1.41432407e-01,1.24032547e-02
7.9218,1.41268849e-01,1.23816939e-02
7.9268,1.41105480e-01,1.23601765e-02
7.9318,1.40942300e-01,1.23387025e-02
7.9368,1.40779307e-01,1.23172719e-02
7.9418,1.40616503e-01,1.22958844e-02
7.9468,1.40453886e-01,1.22745401e-02
7.9518,1.40291456e-01,1.22532388e-02
7.9568,1.40129214e-01,1.22319803e-02
7.9618,1.39967159e-01,1.22107647e-02
7.9668,1.39805291e-01,1.21895918e-02
7.9718,1.39643610e-01,1.21684615e-02
7.9768,1.39482114e-01,1.21473736e-02
7.9818,1.39320806e-01,1.21263282e-02
7.9868,1.39159683e-01,1.21053251e-02
7.9918,1.38998746e-01,1.20843641e-02
7.9968,1.38837994e-01,1.20634453e-02
8.0018,1.38677428e-01,1.20425685e-02
8.0068,1.38517047e-01,1.20217336e-02
8.0118,1.38356851e-01,1.20009405e-02
8.0168,1.38196840e-01,1.19801891e-02
8.0218,1.38037013e-01,1.19594793e-02
8.0268,1.37877370e-01,1.19388110e-02
8.0318,1.37717912e-01,1.19181841e-02
8.0368,1.37558638e-01,1.18975986e-02
8.0418,1.37399547e-01,1.18770543e-02
8.0468,1.37240640e-01,1.18565511e-02
8.0518,1.37081916e-01,1.18360889e-02
8.0568,1.36923375e-01,1.18156677e-02
8.0618,1.36765016e-01,1.17952873e-02
8.0668,1.36606841e-01,1.17749476e-02
8.0718,1.36448848e-01,1.17546486e-02
8.0768,1.36291037e-01,1.17343901e-02
8.0818,1.36133408e-01,1.17141721e-02
8.0868,1.35975961e-01,1.16939945e-02
8.0918,1.35818696e-01,1.16738571e-02
8.0968,1.35661612e-01,1.16537599e-02
8.1018,1.35504709e-01,1.16337028e-02
8.1068,1.35347988e-01,1.16136857e-02
8.1118,1.35191447e-01,1.15937085e-02
8.1168,1.35035086e-01,1.15737710e-02
8.1218,1.34878906e-01,1.15538733e-02
8.1268,1.34722906e-01,1.15340152e-02
8.1318,1.34567086e-01,1.15141966e-02
8.1368,1.34411446e-01,1.14944175e-02
8.1418,1.34255986e-01,1.14746777e-02
8.1468,1.34100704e-01,1.14549771e-02
8.1518,1.33945602e-01,1.14353157e-02
8.1568,1.33790679e-01,1.14156934e-02
8.1618,1.33635935e-01,1.13961100e-02
8.1668,1.33481369e-01,1.13765656e-02
8.1718,1.33326981e-01,1.13570599e-02
8.1768,1.33172771e-01,1.13375929e-02
8.1818,1.33018740e-01,1.13181646e-02
8.1868,1.32864886e-01,1.12987747e-02
8.1918,1.32711210e-01,1.12794233e-02
8.1968,1.32557710e-01,1.12601103e-02
8.2018,1.32404389e-01,1.12408355e-02
8.2068,1.32251243e-01,1.12215989e-02
8.2118,1.32098275e-01,1.12024004e-02
8.2168,1.31945483e-01,1.11832398e-02
8.2218,1.31792868e-01,1.11641172e-02
8.2268,1.31640428e-01,1.11450324e-02
8.2318,1.31488165e-01,1.11259853e-02
8.2368,1.31336077e-01,1.11069759e-02
8.2418,1.31184164e-01,1.10880040e-02
8.2468,1.31032427e-01,1.10690696e-02
8.2518,1.30880865e-01,1.10501726e-02
8.2568,1.30729478e-01,1.10313129e-02
8.2618,1.30578266e-01,1.10124903e-02
8.2668,1.30427228e-01,1.09937050e-02
8.2718,1.30276364e-01,1.09749566e-02
8.2768,1.30125675e-01,1.09562452e-02
8.2818,1.29975159e-01,1.09375707e-02
8.2868,1.29824817e-01,1.09189330e-02
8.2918,1.29674649e-01,1.09003319e-02
8.2968,1.29524654e-01,1.08817675e-02
8.3018,1.29374832e-01,1.08632396e-02
8.3068,1.29225182e-01,1.08447482e-02
8.3118,1.29075706e-01,1.08262931e-02
8.3168,1.28926402e-01,1.08078743e-02
8.3218,1.28777271e-01,1.07894917e-02
8.3268,1.28628311e-01,1.07711452e-02
8.3318,1.28479524e-01,1.07528348e-02
8.3368,1.28330908e-01,1.07345603e-02
8.3418,1.28182463e-01,1.07163217e-02
8.3468,1.28034191e-01,1.06981188e-02
8.3518,1.27886089e-01,1.06799517e-02
8.3568,1.27738158e-01,1.06618201e-02
8.3618,1.27590398e-01,1.06437242e-02
8.3668,1.27442808e-01,1.06256636e-02
8.3718,1.27295389e-01,1.06076385e-02
8.3768,1.27148140e-01,1.05896486e-02
8.3818,1.27001061e-01,1.05716940e-02
8.3868,1.26854151e-01,1.05537745e-02
8.3918,1.26707412e-01,1.05358900e-02
8.3968,1.26560841e-01,1.05180405e-02
8.4018,1.26414440e-01,1.05002259e-02
8.4068,1.26268208e-01,1.04824462e-02
8.4118,1.26122144e-01,1.04647011e-02
8.4168,1.25976250e-01,1.04469908e-02
8.4218,1.25830523e-01,1.04293149e-02
8.4268,1.25684965e-01,1.04116736e-02
8.4318,1.25539575e-01,1.03940668e-02
8.4368,1.25394353e-01,1.03764942e-02
8.4418,1.25249298e-01,1.03589559e-02
8.4468,1.25104411e-01,1.03414518e-02
8.4518,1.24959691e-01,1.03239818e-02
8.4568,1.24815138e-01,1.03065459e-02
8.4618,1.24670752e-01,1.02891439e-02
8.4668,1.24526533e-01,1.02717757e-02
8.4718,1.24382480e-01,1.02544414e-02
8.4768,1.24238594e-01,1.02371408e-02
8.4818,1.24094873e-01,1.02198738e-02
8.4868,1.23951319e-01,1.02026404e-02
8.4918,1.23807930e-01,1.01854405e-02
8.4968,1.23664707e-01,1.01682740e-02
8.5018,1.23521649e-01,1.01511408e-02
8.5068,1.23378757e-01,1.01340409e-02
8.5118,1.23236029e-01,1.01169742e-02
8.5168,1.23093466e-01,1.00999407e-02
8.5218,1.22951068e-01,1.00829401e-02
8.5268,1.22808834e-01,1.00659725e-02
8.5318,1.22666764e-01,1.00490378e-02
8.5368,1.22524859e-01,1.00321359e-02
8.5418,1.22383117e-01,1.00152668e-02
8.5468,1.22241539e-01,9.99843033e-03
8.5518,1.22100125e-01,9.98162646e-03
8.5568,1.21958873e-01,9.96485510e-03
8.5618,1.21817785e-01,9.94811618e-03
8.5668,1.21676860e-01,9.93140964e-03
8.5718,1.21536097e-01,9.91473540e-03
8.5768,1.21395497e-01,9.89809339e-03
8.5818,1.21255060e-01,9.88148353e-03
8.5868,1.21114784e-01,9.86490576e-03
8.5918,1.20974671e-01,9.84835999e-03
8.5968,1.20834719e-01,9.83184616e-03
8.6018,1.20694929e-01,9.81536420e-03
8.6068,1.20555300e-01,9.79891402e-03
8.6118,1.20415833e-01,9.78249558e-03
8.6168,1.20276526e-01,9.76610878e-03
8.6218,1.20137381e-01,9.74975356e-03
8.6268,1.19998396e-01,9.73342985e-03
8.6318,1.19859572e-01,9.71713758e-03
8.6368,1.19720908e-01,9.70087668e-03
8.6418,1.19582404e-01,9.68464707e-03
8.6468,1.19444060e-01,9.66844869e-03
8.6518,1.19305876e-01,9.65228147e-03
8.6568,1.19167851e-01,9.63614533e-03
8.6618,1.19029986e-01,9.62004021e-03
8.6668,1.18892280e-01,9.60396603e-03
8.6718,1.18754733e-01,9.58792274e-03
8.6768,1.18617345e-01,9.57191025e-03
8.6818,1.18480116e-01,9.55592851e-03
8.6868,1.18343045e-01,9.53997743e-03
8.6918,1.18206132e-01,9.52405696e-03
8.6968,1.18069378e-01,9.50816702e-03
8.7018,1.17932781e-01,9.49230754e-03
8.7068,1.17796342e-01,9.47647847e-03
8.7118,1.17660061e-01,9.46067972e-03
8.7168,1.17523938e-01,9.44491124e-03
8.7218,1.17387971e-01,9.42917294e-03
8.7268,1.17252161e-01,9.41346478e-03
8.7318,1.17116509e-01,9.39778668e-03
8.7368,1.16981013e-01,9.38213856e-03
8.7418,1.16845673e-01,9.36652038e-03
8.7468,1.16710490e-01,9.35093205e-03
8.7518,1.16575463e-01,9.33537351e-03
8.7568,1.16440592e-01,9.31984471e-03
8.7618,1.16305877e-01,9.30434556e-03
8.7668,1.16171317e-01,9.28887600e-03
8.7718,1.16036913e-01,9.27343597e-03
8.7768,1.15902664e-01,9.25802541e-03
8.7818,1.15768570e-01,9.24264424e-03
8.7868,1.15634631e-01,9.22729240e-03
8.7918,1.15500847e-01,9.21196983e-03
8.7968,1.15367217e-01,9.19667646e-03
8.8018,1.15233742e-01,9.18141222e-03
8.8068,1.15100421e-01,9.16617706e-03
8.8118,1.14967253e-01,9.15097090e-03
8.8168,1.14834240e-01,9.13579369e-03
8.8218,1.14701380e-01,9.12064536e-03
8.8268,1.14568674e-01,9.10552583e-03
8.8318,1.14436121e-01,9.09043507e-03
8.8368,1.14303721e-01,9.07537298e-03
8.8418,1.14171474e-01,9.06033952e-03
8.8468,1.14039380e-01,9.04533462e-03
8.8518,1.13907439e-01,9.03035822e-03
8.8568,1.13775650e-01,9.01541025e-03
8.8618,1.13644013e-01,9.00049065e-03
8.8668,1.13512528e-01,8.98559936e-03
8.8718,1.13381195e-01,8.97073632e-03
8.8768,1.13250014e-01,8.95590145e-03
8.8818,1.13118984e-01,8.94109471e-03
8.8868,1.12988106e-01,8.92631603e-03
8.8918,1.12857379e-01,8.91156535e-03
8.8968,1.12726803e-01,8.89684259e-03
8.9018,1.12596378e-01,8.88214772e-03
8.9068,1.12466103e-01,8.86748065e-03
8.9118,1.12335979e-01,8.85284134e-03
8.9168,1.12206006e-01,8.83822971e-03
8.9218,1.12076182e-01,8.82364572e-03
8.9268,1.11946509e-01,8.80908929e-03
8.9318,1.11816985e-01,8.79456037e-03
8.9368,1.11687611e-01,8.78005889e-03
8.9418,1.11558387e-01,8.76558480e-03
8.9468,1.11429311e-01,8.75113804e-03
8.9518,1.11300385e-01,8.73671854e-03
8.9568,1.11171608e-01,8.72232625e-03
8.9618,1.11042980e-01,8.70796110e-03
8.9668,1.10914500e-01,8.69362304e-03
8.9718,1.10786169e-01,8.67931201e-03
8.9768,1.10657985e-01,8.66502795e-03
8.9818,1.10529951e-01,8.65077079e-03
8.9868,1.10402063e-01,8.63654049e-03
8.9918,1.10274324e-01,8.62233697e-03
8.9968,1.10146733e-01,8.60816019e-03
9.0017,1.10019288e-01,8.59401008e-03
9.0067,1.09891991e-01,8.57988658e-03
9.0117,1.09764841e-01,8.56578964e-03
9.0167,1.09637838e-01,8.55171921e-03
9.0217,1.09510982e-01,8.53767521e-03
9.0267,1.09384273e-01,8.52365759e-03
9.0317,1.09257709e-01,8.50966630e-03
9.0367,1.09131292e-01,8.49570128e-03
9.0417,1.09005021e-01,8.48176247e-03
9.0467,1.08878896e-01,8.46784981e-03
9.0517,1.08752917e-01,8.45396324e-03
9.0567,1.08627083e-01,8.44010272e-03
9.0617,1.08501395e-01,8.42626818e-03
9.0667,1.08375852e-01,8.41245956e-03
9.0717,1.08250454e-01,8.39867681e-03
9.0767,1.08125201e-01,8.38491988e-03
9.0817,1.08000092e-01,8.37118870e-03
9.0867,1.07875129e-01,8.35748322e-03
9.0917,1.07750309e-01,8.34380338e-03
9.0967,1.07625634e-01,8.33014914e-03
9.1017,1.07501103e-01,8.31652043e-03
9.1067,1.07376716e-01,8.30291719e-03
9.1117,1.07252472e-01,8.28933938e-03
9.1167,1.07128372e-01,8.27578693e-03
9.1217,1.07004416e-01,8.26225979e-03
9.1267,1.06880603e-01,8.24875792e-03
9.1317,1.06756933e-01,8.23528124e-03
9.1367,1.06633405e-01,8.22182971e-03
9.1417,1.06510021e-01,8.20840327e-03
9.1467,1.06386779e-01,8.19500187e-03
9.1517,1.06263679e-01,8.18162546e-03
9.1567,1.06140722e-01,8.16827397e-03
9.1617,1.06017907e-01,8.15494736e-03
9.1667,1.05895234e-01,8.14164557e-03
9.1717,1.05772702e-01,8.12836855e-03
9.1767,1.05650313e-01,8.11511624e-03
9.1817,1.05528064e-01,8.10188860e-03
9.1867,1.05405957e-01,8.08868556e-03
9.1917,1.05283991e-01,8.07550708e-03
9.1967,1.05162166e-01,8.06235310e-03
9.2017,1.05040482e-01,8.04922356e-03
9.2067,1.04918938e-01,8.03611842e-03
9.2117,1.04797535e-01,8.02303763e-03
9.2167,1.04676272e-01,8.00998112e-03
9.2217,1.04555149e-01,7.99694886e-03
9.2267,1.04434167e-01,7.98394077e-03
9.2317,1.04313324e-01,7.97095683e-03
9.2367,1.04192621e-01,7.95799696e-03
9.2417,1.04072057e-01,7.94506112e-03
9.2467,1.03951632e-01,7.93214926e-03
9.2517,1.03831347e-01,7.91926133e-03
9.2567,1.03711201e-01,7.90639727e-03
9.2617,1.03591194e-01,7.89355703e-03
9.2667,1.03471325e-01,7.88074057e-03
9.2717,1.03351595e-01,7.86794783e-03
9.2767,1.03232003e-01,7.85517875e-03
9.2817,1.03112550e-01,7.84243330e-03
9.2867,1.02993234e-01,7.82971141e-03
9.2917,1.02874057e-01,7.81701304e-03
9.2967,1.02755017e-01,7.80433814e-03
9.3017,1.02636115e-01,7.79168666e-03
9.3067,1.02517350e-01,7.77905854e-03
9.3117,1.02398723e-01,7.76645374e-03
9.3167,1.02280232e-01,7.75387220e-03
9.3217,1.02161879e-01,7.74131388e-03
9.3267,1.02043662e-01,7.72877873e-03
9.3317,1.01925582e-01,7.71626670e-03
9.3367,1.01807639e-01,7.70377773e-03
9.3417,1.01689831e-01,7.69131178e-03
9.3467,1.01572160e-01,7.67886880e-03
9.3517,1.01454625e-01,7.66644874e-03
9.3567,1.01337226e-01,7.65405155e-03
9.3617,1.01219963e-01,7.64167719e-03
9.3667,1.01102835e-01,7.62932559e-03
9.3717,1.00985842e-01,7.61699672e-03
9.3767,1.00868985e-01,7.60469053e-03
9.3817,1.00752262e-01,7.59240696e-03
9.3867,1.00635675e-01,7.58014598e-03
9.3917,1.00519223e-01,7.56790752e-03
9.3967,1.00402905e-01,7.55569155e-03
9.4017,1.00286721e-01,7.54349801e-03
9.4067,1.00170672e-01,7.53132687e-03
9.4117,1.00054757e-01,7.51917806e-03
9.4167,9.99389757e-02,7.50705154e-03
9.4217,9.98233284e-02,7.49494727e-03
9.4267,9.97078148e-02,7.48286519e-03
9.4317,9.95924347e-02,7.47080527e-03
9.4367,9.94771881e-02,7.45876744e-03
9.4417,9.93620746e-02,7.44675168e-03
9.4467,9.92470942e-02,7.43475792e-03
9.4517,9.91322467e-02,7.42278613e-03
9.4567,9.90175319e-02,7.41083625e-03
9.4617,9.89029498e-02,7.39890824e-03
9.4667,9.87885001e-02,7.38700205e-03
9.4717,9.86741827e-02,7.37511764e-03
9.4767,9.85599975e-02,7.36325496e-03
9.4817,9.84459442e-02,7.35141397e-03
9.4867,9.83320228e-02,7.33959461e-03
9.4917,9.82182331e-02,7.32779684e-03
9.4967,9.81045750e-02,7.31602063e-03
9.5017,9.79910482e-02,7.30426591e-03
9.5067,9.78776526e-02,7.29253265e-03
9.5117,9.77643881e-02,7.28082080e-03
9.5167,9.76512546e-02,7.26913031e-03
9.5217,9.75382519e-02,7.25746114e-03
9.5267,9.74253797e-02,7.24581325e-03
9.5317,9.73126381e-02,7.23418659e-03
9.5367,9.72000268e-02,7.22258111e-03
9.5417,9.70875457e-02,7.21099677e-03
9.5467,9.69751946e-02,7.19943353e-03
9.5517,9.68629733e-02,7.18789134e-03
9.5567,9.67508819e-02,7.17637015e-03
9.5617,9.66389200e-02,7.16486993e-03
9.5667,9.65270875e-02,7.15339062e-03
9.5717,9.64153843e-02,7.14193219e-03
9.5767,9.63038102e-02,7.13049459e-03
9.5817,9.61923652e-02,7.11907778e-03
9.5867,9.60810489e-02,7.10768170e-03
9.5917,9.59698614e-02,7.09630633e-03
9.5967,9.58588024e-02,7.08495161e-03
9.6017,9.57478718e-02,7.07361750e-03
9.6067,9.56370694e-02,7.06230396e-03
9.6117,9.55263951e-02,7.05101095e-03
9.6167,9.54158488e-02,7.03973842e-03
9.6217,9.53054303e-02,7.02848633e-03
9.6267,9.51951394e-02,7.01725463e-03
9.6317,9.50849760e-02,7.00604328e-03
9.6367,9.49749400e-02,6.99485225e-03
9.6417,9.48650312e-02,6.98368149e-03
9.6467,9.47552495e-02,6.97253094e-03
9.6517,9.46455947e-02,6.96140059e-03
9.6567,9.45360666e-02,6.95029037e-03
9.6617,9.44266652e-02,6.93920025e-03
9.6667,9.43173903e-02,6.92813019e-03
9.6717,9.42082417e-02,6.91708014e-03
9.6767,9.40992193e-02,6.90605007e-03
9.6817,9.39903229e-02,6.89503992e-03
9.6867,9.38815525e-02,6.88404967e-03
9.6917,9.37729077e-02,6.87307926e-03
9.6967,9.36643886e-02,6.86212866e-03
9.7017,9.35559950e-02,6.85119782e-03
9.7067,9.34477267e-02,6.84028671e-03
9.7117,9.33395835e-02,6.82939527e-03
9.7167,9.32315654e-02,6.81852348e-03
9.7217,9.31236722e-02,6.80767129e-03
9.7267,9.30159037e-02,6.79683866e-03
9.7317,9.29082598e-02,6.78602555e-03
9.7367,9.28007403e-02,6.77523191e-03
9.7417,9.26933452e-02,6.76445771e-03
9.7467,9.25860742e-02,6.75370291e-03
9.7517,9.24789273e-02,6.74296746e-03
9.7567,9.23719042e-02,6.73225133e-03
9.7617,9.22650049e-02,6.72155448e-03
9.7667,9.21582292e-02,6.71087686e-03
9.7717,9.20515769e-02,6.70021844e-03
9.7767,9.19450479e-02,6.68957917e-03
9.7817,9.18386421e-02,6.67895902e-03
9.7867,9.17323594e-02,6.66835794e-03
9.7917,9.16261995e-02,6.65777590e-03
9.7967,9.15201623e-02,6.64721286e-03
9.8017,9.14142478e-02,6.63666878e-03
9.8067,9.13084557e-02,6.62614361e-03
9.8117,9.12027860e-02,6.61563732e-03
9.8167,9.10972384e-02,6.60514987e-03
9.8217,9.09918128e-02,6.59468123e-03
9.8267,9.08865092e-02,6.58423134e-03
9.8317,9.07813272e-02,6.57380018e-03
9.8367,9.06762670e-02,6.56338770e-03
9.8417,9.05713281e-02,6.55299387e-03
9.8467,9.04665107e-02,6.54261865e-03
9.8517,9.03618144e-02,6.53226199e-03
9.8567,9.02572391e-02,6.52192386e-03
9.8617,9.01527848e-02,6.51160423e-03
9.8667,9.00484513e-02,6.50130304e-03
9.8717,8.99442384e-02,6.49102028e-03
9.8767,8.98401460e-02,6.48075589e-03
9.8817,8.97361739e-02,6.47050984e-03
9.8867,8.96323221e-02,6.46028209e-03
9.8917,8.95285903e-02,6.45007260e-03
9.8967,8.94249785e-02,6.43988135e-03
9.9017,8.93214865e-02,6.42970828e-03
9.9067,8.92181141e-02,6.41955336e-03
9.9117,8.91148613e-02,6.40941655e-03
9.9167,8.90117279e-02,6.39929782e-03
9.9217,8.89087137e-02,6.38919713e-03
9.9267,8.88058186e-02,6.37911444e-03
9.9317,8.87030425e-02,6.36904972e-03
9.9367,8.86003853e-02,6.35900292e-03
9.9417,8.84978467e-02,6.34897402e-03
9.9467,8.83954267e-02,6.33896297e-03
9.9517,8.82931252e-02,6.32896974e-03
9.9567,8.81909419e-02,6.31899428e-03
9.9617,8.80888768e-02,6.30903658e-03
9.9667,8.79869297e-02,6.29909658e-03
9.9717,8.78851004e-02,6.28917425e-03
9.9767,8.77833890e-02,6.27926956e-03
9.9817,8.76817951e-02,6.26938246e-03
9.9867,8.75803187e-02,6.25951293e-03
9.9917,8.74789597e-02,6.24966093e-03
9.9967,8.73777178e-02,6.23982642e-03
10.0017,8.72765930e-02,6.23000936e-03
10.0067,8.71755852e-02,6.22020972e-03
10.0117,8.70746942e-02,6.21042747e-03
10.0167,8.69739198e-02,6.20066256e-03
10.0217,8.68732619e-02,6.19091497e-03
10.0267,8.67727204e-02,6.18118466e-03
10.0317,8.66722952e-02,6.17147158e-03
10.0367,8.65719862e-02,6.16177572e-03
10.0417,8.64717931e-02,6.15209702e-03
10.0467,8.63717159e-02,6.14243547e-03
10.0517,8.62717543e-02,6.13279101e-03
10.0567,8.61719084e-02,6.12316362e-03
10.0617,8.60721780e-02,6.11355326e-03
10.0667,8.59725628e-02,6.10395990e-03
10.0717,8.58730629e-02,6.09438350e-03
10.0767,8.57736780e-02,6.08482403e-03
10.0817,8.56744080e-02,6.07528146e-03
10.0867,8.55752529e-02,6.06575574e-03
10.0917,8.54762124e-02,6.05624685e-03
10.0967,8.53772864e-02,6.04675474e-03
10.1017,8.52784748e-02,6.03727940e-03
10.1067,8.51797775e-02,6.02782077e-03
10.1117,8.50811943e-02,6.01837884e-03
10.1167,8.49827251e-02,6.00895355e-03
10.1217,8.48843697e-02,5.99954489e-03
10.1267,8.47861281e-02,5.99015281e-03
10.1317,8.46880002e-02,5.98077729e-03
10.1367,8.45899856e-02,5.97141829e-03
10.1417,8.44920845e-02,5.96207577e-03
10.1467,8.43942965e-02,5.95274970e-03
10.1517,8.42966216e-02,5.94344006e-03
10.1567,8.41990597e-02,5.93414680e-03
10.1617,8.41016106e-02,5.92486989e-03
10.1667,8.40042742e-02,5.91560930e-03
10.1717,8.39070503e-02,5.90636499e-03
10.1767,8.38099389e-02,5.89713694e-03
10.1817,8.37129397e-02,5.88792511e-03
10.1867,8.36160528e-02,5.87872947e-03
10.1917,8.35192779e-02,5.86954998e-03
10.1967,8.34226148e-02,5.86038661e-03
10.2016,8.33260636e-02,5.85123933e-03
10.2066,8.32296240e-02,5.84210811e-03
10.2116,8.31332960e-02,5.83299291e-03
10.2166,8.30370793e-02,5.82389371e-03
10.2216,8.29409740e-02,5.81481046e-03
10.2266,8.28449797e-02,5.80574314e-03
10.2316,8.27490965e-02,5.79669172e-03
10.2366,8.26533241e-02,5.78765616e-03
10.2416,8.25576625e-02,5.77863643e-03
10.2466,8.24621115e-02,5.76963250e-03
10.2516,8.23666710e-02,5.76064434e-03
10.2566,8.22713409e-02,5.75167191e-03
10.2616,8.21761211e-02,5.74271519e-03
10.2666,8.20810113e-02,5.73377414e-03
10.2716,8.19860115e-02,5.72484873e-03
10.2766,8.18911216e-02,5.71593893e-03
10.2816,8.17963415e-02,5.70704471e-03
10.2866,8.17016709e-02,5.69816603e-03
10.2916,8.16071098e-02,5.68930287e-03
10.2966,8.15126581e-02,5.68045519e-03
10.3016,8.14183156e-02,5.67162297e-03
10.3066,8.13240822e-02,5.66280616e-03
10.3116,8.12299578e-02,5.65400475e-03
10.3166,8.11359422e-02,5.64521870e-03
10.3216,8.10420354e-02,5.63644798e-03
10.3266,8.09482372e-02,5.62769255e-03
10.3316,8.08545474e-02,5.61895240e-03
10.3366,8.07609660e-02,5.61022748e-03
10.3416,8.06674928e-02,5.60151777e-03
10.3466,8.05741277e-02,5.59282323e-03
10.3516,8.04808706e-02,5.58414384e-03
10.3566,8.03877213e-02,5.57547956e-03
10.3616,8.02946797e-02,5.56683037e-03
10.3666,8.02017458e-02,5.55819624e-03
10.3716,8.01089193e-02,5.54957712e-03
10.3766,8.00162002e-02,5.54097301e-03
10.3816,7.99235883e-02,5.53238386e-03
10.3866,7.98310835e-02,5.52380964e-03
10.3916,7.97386857e-02,5.51525033e-03
10.3966,7.96463947e-02,5.50670589e-03
10.4016,7.95542105e-02,5.49817630e-03
10.4066,7.94621329e-02,5.48966152e-03
10.4116,7.93701617e-02,5.48116153e-03
10.4166,7.92782970e-02,5.47267630e-03
10.4216,7.91865385e-02,5.46420580e-03
10.4266,7.90948861e-02,5.45574999e-03
10.4316,7.90033396e-02,5.44730885e-03
10.4366,7.89118991e-02,5.43888235e-03
10.4416,7.88205643e-02,5.43047046e-03
10.4466,7.87293352e-02,5.42207316e-03
10.4516,7.86382115e-02,5.41369040e-03
10.4566,7.85471932e-02,5.40532217e-03
10.4616,7.84562802e-02,5.39696843e-03
10.4666,7.83654724e-02,5.38862916e-03
10.4716,7.82747695e-02,5.38030432e-03
10.4766,7.81841716e-02,5.37199389e-03
10.4816,7.80936784e-02,5.36369785e-03
10.4866,7.80032899e-02,5.35541615e-03
10.4916,7.79130059e-02,5.34714877e-03
10.4966,7.78228263e-02,5.33889569e-03
10.5016,7.77327510e-02,5.33065688e-03
10.5066,7.76427799e-02,5.32243230e-03
10.5116,7.75529129e-02,5.31422193e-03
10.5166,7.74631498e-02,5.30602574e-03
10.5216,7.73734905e-02,5.29784370e-03
10.5266,7.72839349e-02,5.28967579e-03
10.5316,7.71944828e-02,5.28152198e-03
10.5366,7.71051343e-02,5.27338223e-03
10.5416,7.70158890e-02,5.26525653e-03
10.5466,7.69267470e-02,5.25714483e-03
10.5516,7.68377080e-02,5.24904713e-03
10.5566,7.67487721e-02,5.24096338e-03
10.5616,7.66599390e-02,5.23289356e-03
10.5666,7.65712086e-02,5.22483765e-03
10.5716,7.64825808e-02,5.21679560e-03
10.5766,7.63940556e-02,5.20876741e-03
10.5816,7.63056327e-02,5.20075304e-03
10.5866,7.62173121e-02,5.19275246e-03
10.5916,7.61290937e-02,5.18476565e-03
10.5966,7.60409772e-02,5.17679257e-03
10.6016,7.59529627e-02,5.16883321e-03
10.6066,7.58650500e-02,5.16088753e-03
10.6116,7.57772389e-02,5.15295551e-03
10.6166,7.56895294e-02,5.14503712e-03
10.6216,7.56019214e-02,5.13713233e-03
10.6266,7.55144146e-02,5.12924112e-03
10.6316,7.54270091e-02,5.12136346e-03
10.6366,7.53397047e-02,5.11349933e-03
10.6416,7.52525012e-02,5.10564869e-03
10.6466,7.51653986e-02,5.09781152e-03
10.6516,7.50783967e-02,5.08998780e-03
10.6566,7.49914954e-02,5.08217749e-03
10.6616,7.49046947e-02,5.07438058e-03
10.6666,7.48179943e-02,5.06659703e-03
10.6716,7.47313942e-02,5.05882682e-03
10.6766,7.46448943e-02,5.05106992e-03
10.6816,7.45584944e-02,5.04332631e-03
10.6866,7.44721945e-02,5.03559596e-03
10.6916,7.43859943e-02,5.02787884e-03
10.6966,7.42998939e-02,5.02017493e-03
10.7016,7.42138930e-02,5.01248420e-03
10.7066,7.41279916e-02,5.00480663e-03
10.7116,7.40421895e-02,4.99714219e-03
10.7166,7.39564867e-02,4.98949086e-03
10.7216,7.38708830e-02,4.98185261e-03
10.7266,7.37853783e-02,4.97422740e-03
10.7316,7.36999725e-02,4.96661523e-03
10.7366,7.36146654e-02,4.95901606e-03
10.7416,7.35294571e-02,4.95142987e-03
10.7466,7.34443473e-02,4.94385663e-03
10.7516,7.33593359e-02,4.93629632e-03
10.7566,7.32744228e-02,4.92874891e-03
10.7616,7.31896080e-02,4.92121437e-03
10.7666,7.31048912e-02,4.91369269e-03
10.7716,7.30202724e-02,4.90618383e-03
10.7766,7.29357515e-02,4.89868777e-03
10.7816,7.28513284e-02,4.89120449e-03
10.7866,7.27670029e-02,4.88373396e-03
10.7916,7.26827749e-02,4.87627616e-03
10.7966,7.25986443e-02,4.86883106e-03
10.8016,7.25146110e-02,4.86139863e-03
10.8066,7.24306750e-02,4.85397886e-03
10.8116,7.23468360e-02,4.84657172e-03
10.8166,7.22630939e-02,4.83917717e-03
10.8216,7.21794488e-02,4.83179521e-03
10.8266,7.20959003e-02,4.82442580e-03
10.8316,7.20124485e-02,4.81706892e-03
10.8366,7.19290932e-02,4.80972454e-03
10.8416,7.18458344e-02,4.80239265e-03
10.8466,7.17626718e-02,4.79507321e-03
10.8516,7.16796054e-02,4.78776620e-03
10.8566,7.15966351e-02,4.78047161e-03
10.8616,7.15137607e-02,4.77318939e-03
10.8666,7.14309822e-02,4.76591954e-03
10.8716,7.13482994e-02,4.75866202e-03
10.8766,7.12657123e-02,4.75141682e-03
10.8816,7.11832207e-02,4.74418390e-03
10.8866,7.11008245e-02,4.73696325e-03
10.8916,7.10185235e-02,4.72975483e-03
10.8966,7.09363178e-02,4.72255864e-03
10.9016,7.08542072e-02,4.71537464e-03
10.9066,7.07721915e-02,4.70820281e-03
10.9116,7.06902707e-02,4.70104312e-03
10.9166,7.06084446e-02,4.69389556e-03
10.9216,7.05267132e-02,4.68676010e-03
10.9266,7.04450763e-02,4.67963671e-03
10.9316,7.03635338e-02,4.67252537e-03
10.9366,7.02820856e-02,4.66542607e-03
10.9416,7.02007317e-02,4.65833877e-03
10.9466,7.01194718e-02,4.65126345e-03
10.9516,7.00383059e-02,4.64420010e-03
10.9566,6.99572339e-02,4.63714868e-03
10.9616,6.98762557e-02,4.63010917e-03
10.9666,6.97953711e-02,4.62308155e-03
10.9716,6.97145800e-02,4.61606580e-03
10.9766,6.96338824e-02,4.60906190e-03
10.9816,6.95532782e-02,4.60206982e-03
10.9866,6.94727672e-02,4.59508953e-03
10.9916,6.93923493e-02,4.58812103e-03
10.9966,6.93120244e-02,4.58116428e-03
11.0016,6.92317924e-02,4.57421925e-03
11.0066,6.91516532e-02,4.56728594e-03
11.0116,6.90716067e-02,4.56036431e-03
11.0166,6.89916527e-02,4.55345435e-03
11.0216,6.89117913e-02,4.54655603e-03
11.0266,6.88320222e-02,4.53966933e-03
11.0316,6.87523454e-02,4.53279422e-03
11.0366,6.86727607e-02,4.52593069e-03
11.0416,6.85932681e-02,4.51907871e-03
11.0466,6.85138674e-02,4.51223825e-03
11.0516,6.84345586e-02,4.50540931e-03
11.0566,6.83553415e-02,4.49859185e-03
11.0616,6.82762160e-02,4.49178586e-03
11.0666,6.81971820e-02,4.48499131e-03
11.0716,6.81182394e-02,4.47820817e-03
11.0766,6.80393882e-02,4.47143644e-03
11.0816,6.79606281e-02,4.46467608e-03
11.0866,6.78819592e-02,4.45792707e-03
11.0916,6.78033812e-02,4.45118940e-03
11.0966,6.77248941e-02,4.44446303e-03
11.1016,6.76464978e-02,4.43774796e-03
11.1066,6.75681922e-02,4.43104415e-03
11.1116,6.74899771e-02,4.42435159e-03
11.1166,6.74118525e-02,4.41767026e-03
11.1216,6.73338183e-02,4.41100013e-03
11.1266,6.72558743e-02,4.40434117e-03
11.1316,6.71780205e-02,4.39769338e-03
11.1366,6.71002567e-02,4.39105673e-03
11.1416,6.70225828e-02,4.38443119e-03
11.1466,6.69449988e-02,4.37781676e-03
11.1516,6.68675046e-02,4.37121339e-03
11.1566,6.67900999e-02,4.36462108e-03
11.1616,6.67127848e-02,4.35803981e-03
11.1666,6.66355591e-02,4.35146954e-03
11.1716,6.65584227e-02,4.34491027e-03
11.1766,6.64813756e-02,4.33836196e-03
11.1816,6.64044176e-02,4.33182461e-03
11.1866,6.63275485e-02,4.32529818e-03
11.1916,6.62507684e-02,4.31878267e-03
11.1966,6.61740771e-02,4.31227803e-03
11.2016,6.60974745e-02,4.30578427e-03
11.2066,6.60209605e-02,4.29930135e-03
11.2116,6.59445350e-02,4.29282925e-03
11.2166,6.58681978e-02,4.28636796e-03
11.2216,6.57919490e-02,4.27991745e-03
11.2266,6.57157884e-02,4.27347771e-03
11.2316,6.56397158e-02,4.26704870e-03
11.2366,6.55637313e-02,4.26063042e-03
11.2416,6.54878346e-02,4.25422285e-03
11.2466,6.54120257e-02,4.24782595e-03
11.2516,6.53363045e-02,4.24143971e-03
11.2566,6.52606709e-02,4.23506412e-03
11.2616,6.51851247e-02,4.22869915e-03
11.2666,6.51096660e-02,4.22234478e-03
11.2716,6.50342945e-02,4.21600098e-03
11.2766,6.49590102e-02,4.20966775e-03
11.2816,6.48838129e-02,4.20334506e-03
11.2866,6.48087027e-02,4.19703289e-03
11.2916,6.47336793e-02,4.19073123e-03
11.2966,6.46587426e-02,4.18444004e-03
11.3016,6.45838927e-02,4.17815931e-03
11.3066,6.45091293e-02,4.17188903e-03
11.3116,6.44344524e-02,4.16562917e-03
11.3166,6.43598619e-02,4.15937970e-03
11.3216,6.42853576e-02,4.15314063e-03
11.3266,6.42109396e-02,4.14691191e-03
11.3316,6.41366075e-02,4.14069354e-03
11.3366,6.40623615e-02,4.13448549e-03
11.3416,6.39882014e-02,4.12828774e-03
11.3466,6.39141270e-02,4.12210028e-03
11.3516,6.38401383e-02,4.11592309e-03
11.3566,6.37662351e-02,4.10975614e-03
11.3616,6.36924175e-02,4.10359941e-03
11.3666,6.36186852e-02,4.09745290e-03
11.3716,6.35450382e-02,4.09131657e-03
11.3766,6.34714764e-02,4.08519041e-03
11.3816,6.33979997e-02,4.07907441e-03
11.3866,6.33246079e-02,4.07296853e-03
11.3916,6.32513011e-02,4.06687276e-03
11.3966,6.31780790e-02,4.06078709e-03
11.4015,6.31049416e-02,4.05471149e-03
11.4065,6.30318888e-02,4.04864594e-03
11.4115,6.29589205e-02,4.04259043e-03
11.4165,6.28860366e-02,4.03654494e-03
11.4215,6.28132370e-02,4.03050945e-03
11.4265,6.27405216e-02,4.02448393e-03
11.4315,6.26678904e-02,4.01846838e-03
11.4365,6.25953431e-02,4.01246277e-03
11.4415,6.25228797e-02,4.00646708e-03
11.4465,6.24505001e-02,4.00048129e-03
11.4515,6.23782043e-02,3.99450539e-03
11.4565,6.23059921e-02,3.98853936e-03
11.4615,6.22338633e-02,3.98258318e-03
11.4665,6.21618181e-02,3.97663683e-03
11.4715,6.20898561e-02,3.97070029e-03
11.4765,6.20179774e-02,3.96477355e-03
11.4815,6.19461818e-02,3.95885658e-03
11.4865,6.18744693e-02,3.95294936e-03
11.4915,6.18028397e-02,3.94705189e-03
11.4965,6.17312929e-02,3.94116414e-03
11.5015,6.16598289e-02,3.93528609e-03
11.5065,6.15884476e-02,3.92941772e-03
11.5115,6.15171488e-02,3.92355902e-03
11.5165,6.14459325e-02,3.91770997e-03
11.5215,6.13747985e-02,3.91187055e-03
11.5265,6.13037469e-02,3.90604074e-03
11.5315,6.12327774e-02,3.90022052e-03
11.5365,6.11618900e-02,3.89440989e-03
11.5415,6.10910846e-02,3.88860881e-03
11.5465,6.10203610e-02,3.88281727e-03
11.5515,6.09497193e-02,3.87703525e-03
11.5565,6.08791593e-02,3.87126274e-03
11.5615,6.08086809e-02,3.86549971e-03
11.5665,6.07382840e-02,3.85974616e-03
11.5715,6.06679685e-02,3.85400206e-03
11.5765,6.05977344e-02,3.84826739e-03
11.5815,6.05275815e-02,3.84254214e-03
11.5865,6.04575097e-02,3.83682629e-03
11.5915,6.03875190e-02,3.83111982e-03
11.5965,6.03176093e-02,3.82542272e-03
11.6015,6.02477803e-02,3.81973496e-03
11.6065,6.01780322e-02,3.81405653e-03
11.6115,6.01083647e-02,3.80838742e-03
11.6165,6.00387778e-02,3.80272760e-03
11.6215,5.99692714e-02,3.79707705e-03
11.6265,5.98998454e-02,3.79143577e-03
11.6315,5.98304997e-02,3.78580373e-03
11.6365,5.97612342e-02,3.78018092e-03
11.6415,5.96920488e-02,3.77456732e-03
11.6465,5.96229434e-02,3.76896291e-03
11.6515,5.95539180e-02,3.76336767e-03
11.6565,5.94849724e-02,3.75778159e-03
11.6615,5.94161065e-02,3.75220465e-03
11.6665,5.93473203e-02,3.74663684e-03
11.6715,5.92786136e-02,3.74107814e-03
11.6765,5.92099864e-02,3.73552852e-03
11.6815,5.91414386e-02,3.72998798e-03
11.6865,5.90729701e-02,3.72445649e-03
11.6915,5.90045807e-02,3.71893405e-03
11.6965,5.89362705e-02,3.71342062e-03
11.7015,5.88680393e-02,3.70791621e-03
11.7065,5.87998869e-02,3.70242078e-03
11.7115,5.87318134e-02,3.69693433e-03
11.7165,5.86638187e-02,3.69145683e-03
11.7215,5.85959026e-02,3.68598828e-03
11.7265,5.85280650e-02,3.68052865e-03
11.7315,5.84603059e-02,3.67507792e-03
11.7365,5.83926252e-02,3.66963609e-03
11.7415,5.83250227e-02,3.66420313e-03
11.7465,5.82574985e-02,3.65877902e-03
11.7515,5.81900523e-02,3.65336376e-03
11.7565,5.81226842e-02,3.64795733e-03
11.7615,5.80553939e-02,3.64255970e-03
11.7665,5.79881815e-02,3.63717087e-03
11.7715,5.79210468e-02,3.63179081e-03
11.7765,5.78539898e-02,3.62641952e-03
11.7815,5.77870104e-02,3.62105696e-03
11.7865,5.77201084e-02,3.61570314e-03
11.7915,5.76532837e-02,3.61035803e-03
11.7965,5.75865364e-02,3.60502161e-03
11.8015,5.75198663e-02,3.59969388e-03
11.8065,5.74532733e-02,3.59437481e-03
11.8115,5.73867573e-02,3.58906438e-03
11.8165,5.73203182e-02,3.58376259e-03
11.8215,5.72539560e-02,3.57846942e-03
11.8265,5.71876705e-02,3.57318485e-03
11.8315,5.71214617e-02,3.56790886e-03
11.8365,5.70553295e-02,3.56264144e-03
11.8415,5.69892738e-02,3.55738257e-03
11.8465,5.69232945e-02,3.55213225e-03
11.8515,5.68573914e-02,3.54689044e-03
11.8565,5.67915646e-02,3.54165714e-03
11.8615,5.67258140e-02,3.53643233e-03
11.8665,5.66601394e-02,3.53121600e-03
11.8715,5.65945407e-02,3.52600813e-03
11.8765,5.65290179e-02,3.52080870e-03
11.8815,5.64635709e-02,3.51561770e-03
11.8865,5.63981996e-02,3.51043511e-03
11.8915,5.63329039e-02,3.50526092e-03
11.8965,5.62676837e-02,3.50009511e-03
11.9015,5.62025390e-02,3.49493768e-03
11.9065,5.61374696e-02,3.48978859e-03
11.9115,5.60724754e-02,3.48464784e-03
11.9165,5.60075564e-02,3.47951541e-03
11.9215,5.59427126e-02,3.47439129e-03
11.9265,5.58779437e-02,3.46927546e-03
11.9315,5.58132497e-02,3.46416790e-03
11.9365,5.57486305e-02,3.45906861e-03
11.9415,5.56840861e-02,3.45397756e-03
11.9465,5.56196163e-02,3.44889474e-03
11.9515,5.55552211e-02,3.44382014e-03
11.9565,5.54909004e-02,3.43875374e-03
11.9615,5.54266541e-02,3.43369552e-03
11.9665,5.53624821e-02,3.42864548e-03
11.9715,5.52983842e-02,3.42360359e-03
11.9765,5.52343606e-02,3.41856984e-03
11.9815,5.51704110e-02,3.41354422e-03
11.9865,5.51065353e-02,3.40852671e-03
11.9915,5.50427335e-02,3.40351729e-03
11.9965,5.49790055e-02,3.39851596e-03
12.0015,5.49153512e-02,3.39352270e-03
12.0065,5.48517706e-02,3.38853749e-03
12.0115,5.47882634e-02,3.38356032e-03
12.0165,5.47248298e-02,3.37859117e-03
12.0215,5.46614694e-02,3.37363003e-03
12.0265,5.45981824e-02,3.36867688e-03
12.0315,5.45349686e-02,3.36373171e-03
12.0365,5.44718279e-02,3.35879451e-03
12.0415,5.44087602e-02,3.35386526e-03
12.0465,5.43457654e-02,3.34894395e-03
12.0515,5.42828435e-02,3.34403055e-03
12.0565,5.42199944e-02,3.33912507e-03
12.0615,5.41572179e-02,3.33422748e-03
12.0665,5.40945141e-02,3.32933776e-03
12.0715,5.40318828e-02,3.32445592e-03
12.0765,5.39693239e-02,3.31958192e-03
12.0815,5.39068374e-02,3.31471576e-03
12.0865,5.38444232e-02,3.30985742e-03
12.0915,5.37820811e-02,3.30500689e-03
12.0965,5.37198111e-02,3.30016415e-03
12.1015,5.36576132e-02,3.29532919e-03
12.1065,5.35954872e-02,3.29050200e-03
12.1115,5.35334330e-02,3.28568256e-03
12.1165,5.34714507e-02,3.28087085e-03
12.1215,5.34095400e-02,3.27606687e-03
12.1265,5.33477009e-02,3.27127060e-03
12.1315,5.32859333e-02,3.26648203e-03
12.1365,5.32242372e-02,3.26170113e-03
12.1415,5.31626124e-02,3.25692791e-03
12.1465,5.31010589e-02,3.25216233e-03
12.1515,5.30395765e-02,3.24740440e-03
12.1565,5.29781653e-02,3.24265410e-03
12.1615,5.29168251e-02,3.23791141e-03
12.1665,5.28555559e-02,3.23317631e-03
12.1715,5.27943575e-02,3.22844880e-03
12.1765,5.27332299e-02,3.22372887e-03
12.1815,5.26721730e-02,3.21901649e-03
12.1865,5.26111867e-02,3.21431165e-03
12.1915,5.25502710e-02,3.20961435e-03
12.1965,5.24894257e-02,3.20492456e-03
12.2015,5.24286507e-02,3.20024228e-03
12.2065,5.23679461e-02,3.19556749e-03
12.2115,5.23073116e-02,3.19090017e-03
12.2165,5.22467473e-02,3.18624031e-03
12.2215,5.21862530e-02,3.18158791e-03
12.2265,5.21258287e-02,3.17694294e-03
12.2315,5.20654743e-02,3.17230540e-03
12.2365,5.20051897e-02,3.16767526e-03
12.2415,5.19449748e-02,3.16305253e-03
12.2465,5.18848295e-02,3.15843717e-03
12.2515,5.18247538e-02,3.15382918e-03
12.2565,5.17647476e-02,3.14922856e-03
12.2615,5.17048108e-02,3.14463527e-03
12.2665,5.16449433e-02,3.14004931e-03
12.2715,5.15851450e-02,3.13547068e-03
12.2765,5.15254159e-02,3.13089934e-03
12.2815,5.14657559e-02,3.12633530e-03
12.2865,5.14061649e-02,3.12177853e-03
12.2915,5.13466428e-02,3.11722903e-03
12.2965,5.12871895e-02,3.11268678e-03
12.3015,5.12278050e-02,3.10815177e-03
12.3065,5.11684892e-02,3.10362398e-03
12.3115,5.11092419e-02,3.09910341e-03
12.3165,5.10500632e-02,3.09459004e-03
12.3215,5.09909530e-02,3.09008385e-03
12.3265,5.09319111e-02,3.08558484e-03
12.3315,5.08729374e-02,3.08109299e-03
12.3365,5.08140320e-02,3.07660829e-03
12.3415,5.07551947e-02,3.07213073e-03
12.3465,5.06964255e-02,3.06766029e-03
12.3515,5.06377242e-02,3.06319695e-03
12.3565,5.05790908e-02,3.05874072e-03
12.3615,5.05205252e-02,3.05429157e-03
12.3665,5.04620274e-02,3.04984949e-03
12.3715,5.04035972e-02,3.04541447e-03
12.3765,5.03452346e-02,3.04098650e-03
12.3815,5.02869394e-02,3.03656557e-03
12.3865,5.02287117e-02,3.03215165e-03
12.3915,5.01705514e-02,3.02774475e-03
12.3965,5.01124583e-02,3.02334484e-03
12.4015,5.00544324e-02,3.01895192e-03
12.4065,4.99964735e-02,3.01456597e-03
12.4115,4.99385818e-02,3.01018698e-03
12.4165,4.98807569e-02,3.00581493e-03
12.4215,4.98229990e-02,3.00144982e-03
12.4265,4.97653078e-02,2.99709164e-03
12.4315,4.97076834e-02,2.99274036e-03
12.4365,4.96501256e-02,2.98839598e-03
12.4415,4.95926344e-02,2.98405849e-03
12.4465,4.95352096e-02,2.97972787e-03
12.4515,4.94778513e-02,2.97540411e-03
12.4565,4.94205593e-02,2.97108720e-03
12.4615,4.93633335e-02,2.96677713e-03
12.4665,4.93061740e-02,2.96247388e-03
12.4715,4.92490805e-02,2.95817745e-03
12.4765,4.91920531e-02,2.95388781e-03
12.4815,4.91350916e-02,2.94960497e-03
12.4865,4.90781960e-02,2.94532890e-03
12.4915,4.90213662e-02,2.94105959e-03
12.4965,4.89646022e-02,2.93679704e-03
12.5015,4.89079037e-02,2.93254123e-03
12.5065,4.88512709e-02,2.92829215e-03
12.5115,4.87947035e-02,2.92404978e-03
12.5165,4.87382015e-02,2.91981412e-03
12.5215,4.86817649e-02,2.91558515e-03
12.5265,4.86253936e-02,2.91136286e-03
12.5315,4.85690875e-02,2.90714724e-03
12.5365,4.85128464e-02,2.90293828e-03
12.5415,4.84566704e-02,2.89873596e-03
12.5465,4.84005594e-02,2.89454028e-03
12.5515,4.83445133e-02,2.89035121e-03
12.5565,4.82885320e-02,2.88616876e-03
12.5615,4.82326154e-02,2.88199291e-03
12.5665,4.81767635e-02,2.87782365e-03
12.5715,4.81209762e-02,2.87366096e-03
12.5765,4.80652534e-02,2.86950483e-03
12.5815,4.80095950e-02,2.86535526e-03
12.5865,4.79540010e-02,2.86121223e-03
12.5915,4.78984713e-02,2.85707572e-03
12.5965,4.78430058e-02,2.85294574e-03
12.6014,4.77876045e-02,2.84882225e-03
12.6064,4.77322672e-02,2.84470527e-03
12.6114,4.76769939e-02,2.84059477e-03
12.6164,4.76217846e-02,2.83649074e-03
12.6214,4.75666390e-02,2.83239317e-03
12.6264,4.75115573e-02,2.82830204e-03
12.6314,4.74565393e-02,2.82421736e-03
12.6364,4.74015848e-02,2.82013910e-03
12.6414,4.73466940e-02,2.81606726e-03
12.6464,4.72918666e-02,2.81200182e-03
12.6514,4.72371026e-02,2.80794277e-03
12.6564,4.71824020e-02,2.80389011e-03
12.6614,4.71277646e-02,2.79984381e-03
12.6664,4.70731904e-02,2.79580387e-03
12.6714,4.70186793e-02,2.79177028e-03
12.6764,4.69642312e-02,2.78774303e-03
12.6814,4.69098461e-02,2.78372210e-03
12.6864,4.68555239e-02,2.77970749e-03
12.6914,4.68012645e-02,2.77569918e-03
12.6964,4.67470679e-02,2.77169716e-03
12.7014,4.66929340e-02,2.76770142e-03
12.7064,4.66388626e-02,2.76371195e-03
12.7114,4.65848538e-02,2.75972874e-03
12.7164,4.65309074e-02,2.75575178e-03
12.7214,4.64770234e-02,2.75178106e-03
12.7264,4.64232017e-02,2.74781656e-03
12.7314,4.63694423e-02,2.74385827e-03
12.7364,4.63157450e-02,2.73990620e-03
12.7414,4.62621099e-02,2.73596031e-03
12.7464,4.62085367e-02,2.73202061e-03
12.7514,4.61550255e-02,2.72808708e-03
12.7564,4.61015762e-02,2.72415970e-03
12.7614,4.60481887e-02,2.72023848e-03
12.7664,4.59948630e-02,2.71632340e-03
12.7714,4.59415989e-02,2.71241445e-03
12.7764,4.58883964e-02,2.70851162e-03
12.7814,4.58352554e-02,2.70461489e-03
12.7864,4.57821759e-02,2.70072426e-03
12.7914,4.57291577e-02,2.69683971e-03
12.7964,4.56762009e-02,2.69296124e-03
12.8014,4.56233053e-02,2.68908884e-03
12.8064,4.55704709e-02,2.68522249e-03
12.8114,4.55176975e-02,2.68136218e-03
12.8164,4.54649852e-02,2.67750791e-03
12.8214,4.54123339e-02,2.67365965e-03
12.8264,4.53597434e-02,2.66981741e-03
12.8314,4.53072138e-02,2.66598117e-03
12.8364,4.52547449e-02,2.66215093e-03
12.8414,4.52023366e-02,2.65832666e-03
12.8464,4.51499890e-02,2.65450836e-03
12.8514,4.50977019e-02,2.65069602e-03
12.8564,4.50454753e-02,2.64688964e-03
12.8614,4.49933091e-02,2.64308919e-03
12.8664,4.49412032e-02,2.63929467e-03
12.8714,4.48891575e-02,2.63550606e-03
12.8764,4.48371720e-02,2.63172337e-03
12.8814,4.47852467e-02,2.62794657e-03
12.8864,4.47333814e-02,2.62417566e-03
12.8914,4.46815760e-02,2.62041063e-03
12.8964,4.46298306e-02,2.61665146e-03
12.9014,4.45781450e-02,2.61289816e-03
12.9064,4.45265192e-02,2.60915069e-03
12.9114,4.44749530e-02,2.60540907e-03
12.9164,4.44234465e-02,2.60167327e-03
12.9214,4.43719996e-02,2.59794329e-03
12.9264,4.43206122e-02,2.59421911e-03
12.9314,4.42692841e-02,2.59050073e-03
12.9364,4.42180154e-02,2.58678813e-03
12.9414,4.41668061e-02,2.58308132e-03
12.9464,4.41156559e-02,2.57938026e-03
12.9514,4.40645649e-02,2.57568497e-03
12.9564,4.40135329e-02,2.57199541e-03
12.9614,4.39625600e-02,2.56831160e-03
12.9664,4.39116460e-02,2.56463351e-03
12.9714,4.38607909e-02,2.56096114e-03
12.9764,4.38099945e-02,2.55729447e-03
12.9814,4.37592570e-02,2.55363350e-03
12.9864,4.37085781e-02,2.54997822e-03
12.9914,4.36579578e-02,2.54632861e-03
12.9964,4.36073960e-02,2.54268467e-03
13.0014,4.35568927e-02,2.53904638e-03
13.0064,4.35064478e-02,2.53541375e-03
13.0114,4.34560612e-02,2.53178675e-03
13.0164,4.34057329e-02,2.52816538e-03
13.0214,4.33554628e-02,2.52454962e-03
13.0264,4.33052508e-02,2.52093948e-03
13.0314,4.32550968e-02,2.51733493e-03
13.0364,4.32050009e-02,2.51373598e-03
13.0414,4.31549629e-02,2.51014260e-03
13.0464,4.31049827e-02,2.50655479e-03
13.0514,4.30550604e-02,2.50297254e-03
13.0564,4.30051958e-02,2.49939584e-03
13.0614,4.29553888e-02,2.49582468e-03
13.0664,4.29056394e-02,2.49225906e-03
13.0714,4.28559476e-02,2.48869895e-03
13.0764,4.28063132e-02,2.48514436e-03
13.0814,4.27567362e-02,2.48159527e-03
13.0864,4.27072165e-02,2.47805168e-03
13.0914,4.26577541e-02,2.47451357e-03
13.0964,4.26083488e-02,2.47098093e-03
13.1014,4.25590007e-02,2.46745375e-03
13.1064,4.25097097e-02,2.46393204e-03
13.1114,4.24604757e-02,2.46041577e-03
13.1164,4.24112985e-02,2.45690493e-03
13.1214,4.23621783e-02,2.45339952e-03
13.1264,4.23131148e-02,2.44989954e-03
13.1314,4.22641081e-02,2.44640495e-03
13.1364,4.22151581e-02,2.44291577e-03
13.1414,4.21662646e-02,2.43943198e-03
13.1464,4.21174277e-02,2.43595357e-03
13.1514,4.20686472e-02,2.43248054e-03
13.1564,4.20199232e-02,2.42901286e-03
13.1614,4.19712555e-02,2.42555054e-03
13.1664,4.19226440e-02,2.42209356e-03
13.1714,4.18740888e-02,2.41864192e-03
13.1764,4.18255897e-02,2.41519560e-03
13.1814,4.17771467e-02,2.41175460e-03
13.1864,4.17287597e-02,2.40831890e-03
13.1914,4.16804286e-02,2.40488851e-03
13.1964,4.16321535e-02,2.40146340e-03
13.2014,4.15839341e-02,2.39804358e-03
13.2064,4.15357705e-02,2.39462902e-03
13.2114,4.14876626e-02,2.39121973e-03
13.2164,4.14396103e-02,2.38781569e-03
13.2214,4.13916136e-02,2.38441689e-03
13.2264,4.13436724e-02,2.38102333e-03
13.2314,4.12957866e-02,2.37763500e-03
13.2364,4.12479562e-02,2.37425188e-03
13.2414,4.12001810e-02,2.37087398e-03
13.2464,4.11524612e-02,2.36750127e-03
13.2514,4.11047965e-02,2.36413375e-03
13.2564,4.10571869e-02,2.36077141e-03
13.2614,4.10096323e-02,2.35741425e-03
13.2664,4.09621327e-02,2.35406225e-03
13.2714,4.09146881e-02,2.35071540e-03
13.2764,4.08672983e-02,2.34737370e-03
13.2814,4.08199633e-02,2.34403714e-03
13.2864,4.07726830e-02,2.34070571e-03
13.2914,4.07254574e-02,2.33737940e-03
13.2964,4.06782864e-02,2.33405820e-03
13.3014,4.06311700e-02,2.33074210e-03
13.3064,4.05841080e-02,2.32743110e-03
13.3114,4.05371004e-02,2.32412518e-03
13.3164,4.04901472e-02,2.32082433e-03
13.3214,4.04432483e-02,2.31752856e-03
13.3264,4.03964036e-02,2.31423784e-03
13.3314,4.03496130e-02,2.31095218e-03
13.3364,4.03028766e-02,2.30767156e-03
13.3414,4.02561942e-02,2.30439597e-03
13.3464,4.02095658e-02,2.30112540e-03
13.3514,4.01629912e-02,2.29785985e-03
13.3564,4.01164706e-02,2.29459931e-03
13.3614,4.00700037e-02,2.29134377e-03
13.3664,4.00235905e-02,2.28809322e-03
13.3714,3.99772310e-02,2.28484765e-03
13.3764,3.99309251e-02,2.28160706e-03
13.3814,3.98846727e-02,2.27837143e-03
13.3864,3.98384739e-02,2.27514075e-03
13.3914,3.97923284e-02,2.27191503e-03
13.3964,3.97462363e-02,2.26869425e-03
13.4014,3.97001974e-02,2.26547839e-03
13.4064,3.96542118e-02,2.26226746e-03
13.4114,3.96082794e-02,2.25906145e-03
13.4164,3.95624001e-02,2.25586034e-03
13.4214,3.95165738e-02,2.25266413e-03
13.4264,3.94708005e-02,2.24947281e-03
13.4314,3.94250801e-02,2.24628637e-03
13.4364,3.93794126e-02,2.24310481e-03
13.4414,3.93337978e-02,2.23992811e-03
13.4464,3.92882359e-02,2.23675627e-03
13.4514,3.92427265e-02,2.23358927e-03
13.4564,3.91972698e-02,2.23042712e-03
13.4614,3.91518657e-02,2.22726980e-03
13.4664,3.91065141e-02,2.22411730e-03
13.4714,3.90612148e-02,2.22096962e-03
13.4764,3.90159680e-02,2.21782675e-03
13.4814,3.89707735e-02,2.21468867e-03
13.4864,3.89256312e-02,2.21155539e-03
13.4914,3.88805411e-02,2.20842689e-03
13.4964,3.88355031e-02,2.20530317e-03
13.5014,3.87905172e-02,2.20218421e-03
13.5064,3.87455834e-02,2.19907001e-03
13.5114,3.87007014e-02,2.19596056e-03
13.5164,3.86558714e-02,2.19285586e-03
13.5214,3.86110932e-02,2.18975589e-03
13.5264,3.85663667e-02,2.18666065e-03
13.5314,3.85216920e-02,2.18357013e-03
13.5364,3.84770689e-02,2.18048432e-03
13.5414,3.84324974e-02,2.17740321e-03
13.5464,3.83879774e-02,2.17432679e-03
13.5514,3.83435089e-02,2.17125507e-03
13.5564,3.82990918e-02,2.16818802e-03
13.5614,3.82547261e-02,2.16512565e-03
13.5664,3.82104116e-02,2.16206794e-03
13.5714,3.81661484e-02,2.15901488e-03
13.5764,3.81219363e-02,2.15596647e-03
13.5814,3.80777754e-02,2.15292270e-03
13.5864,3.80336655e-02,2.14988357e-03
13.5914,3.79896066e-02,2.14684906e-03
13.5964,3.79455987e-02,2.14381916e-03
13.6014,3.79016416e-02,2.14079388e-03
13.6064,3.78577353e-02,2.13777320e-03
13.6114,3.78138798e-02,2.13475710e-03
13.6164,3.77700750e-02,2.13174560e-03
13.6214,3.77263209e-02,2.12873867e-03
13.6264,3.76826173e-02,2.12573632e-03
13.6314,3.76389643e-02,2.12273852e-03
13.6364,3.75953617e-02,2.11974528e-03
13.6414,3.75518095e-02,2.11675659e-03
13.6464,3.75083077e-02,2.11377244e-03
13.6514,3.74648561e-02,2.11079282e-03
13.6564,3.74214548e-02,2.10781772e-03
13.6614,3.73781037e-02,2.10484714e-03
13.6664,3.73348026e-02,2.10188107e-03
13.6714,3.72915517e-02,2.09891950e-03
13.6764,3.72483507e-02,2.09596243e-03
13.6814,3.72051997e-02,2.09300984e-03
13.6864,3.71620986e-02,2.09006173e-03
13.6914,3.71190472e-02,2.08711809e-03
13.6964,3.70760457e-02,2.08417892e-03
13.7014,3.70330939e-02,2.08124420e-03
13.7064,3.69901917e-02,2.07831393e-03
13.7114,3.69473391e-02,2.07538811e-03
13.7164,3.69045361e-02,2.07246672e-03
13.7214,3.68617825e-02,2.06954975e-03
13.7264,3.68190783e-02,2.06663720e-03
13.7314,3.67764236e-02,2.06372907e-03
13.7364,3.67338181e-02,2.06082534e-03
13.7414,3.66912619e-02,2.05792601e-03
13.7464,3.66487549e-02,2.05503106e-03
13.7514,3.66062970e-02,2.05214050e-03
13.7564,3.65638882e-02,2.04925432e-03
13.7614,3.65215284e-02,2.04637250e-03
13.7664,3.64792176e-02,2.04349505e-03
13.7714,3.64369557e-02,2.04062194e-03
13.7764,3.63947426e-02,2.03775318e-03
13.7814,3.63525784e-02,2.03488877e-03
13.7864,3.63104629e-02,2.03202868e-03
13.7914,3.62683961e-02,2.02917292e-03
13.7964,3.62263779e-02,2.02632147e-03
13.8013,3.61844082e-02,2.02347433e-03
13.8063,3.61424871e-02,2.02063150e-03
13.8113,3.61006145e-02,2.01779296e-03
13.8163,3.60587902e-02,2.01495871e-03
13.8213,3.60170143e-02,2.01212874e-03
13.8263,3.59752867e-02,2.00930305e-03
13.8313,3.59336074e-02,2.00648162e-03
13.8363,3.58919762e-02,2.00366445e-03
13.8413,3.58503931e-02,2.00085153e-03
13.8463,3.58088581e-02,1.99804286e-03
13.8513,3.57673711e-02,1.99523843e-03
13.8563,3.57259321e-02,1.99243823e-03
13.8613,3.56845409e-02,1.98964226e-03
13.8663,3.56431976e-02,1.98685050e-03
13.8713,3.56019021e-02,1.98406295e-03
13.8763,3.55606544e-02,1.98127960e-03
13.8813,3.55194543e-02,1.97850046e-03
13.8863,3.54783018e-02,1.97572550e-03
13.8913,3.54371969e-02,1.97295472e-03
13.8963,3.53961396e-02,1.97018812e-03
13.9013,3.53551296e-02,1.96742569e-03
13.9063,3.53141671e-02,1.96466742e-03
13.9113,3.52732519e-02,1.96191330e-03
13.9163,3.52323841e-02,1.95916333e-03
13.9213,3.51915634e-02,1.95641750e-03
13.9263,3.51507900e-02,1.95367581e-03
13.9313,3.51100637e-02,1.95093824e-03
13.9363,3.50693844e-02,1.94820480e-03
13.9413,3.50287522e-02,1.94547546e-03
13.9463,3.49881669e-02,1.94275024e-03
13.9513,3.49476286e-02,1.94002911e-03
13.9563,3.49071371e-02,1.93731208e-03
13.9613,3.48666924e-02,1.93459913e-03
13.9663,3.48262945e-02,1.93189026e-03
13.9713,3.47859432e-02,1.92918547e-03
13.9763,3.47456386e-02,1.92648474e-03
13.9813,3.47053806e-02,1.92378807e-03
13.9863,3.46651691e-02,1.92109545e-03
13.9913,3.46250041e-02,1.91840688e-03
13.9963,3.45848855e-02,1.91572234e-03
14.0013,3.45448133e-02,1.91304184e-03
14.0063,3.45047874e-02,1.91036537e-03
14.0113,3.44648078e-02,1.90769291e-03
14.0163,3.44248744e-02,1.90502447e-03
14.0213,3.43849871e-02,1.90236003e-03
14.0263,3.43451459e-02,1.89969960e-03
14.0313,3.43053508e-02,1.89704315e-03
14.0363,3.42656017e-02,1.89439069e-03
14.0413,3.42258985e-02,1.89174221e-03
14.0463,3.41862413e-02,1.88909770e-03
14.0513,3.41466298e-02,1.88645716e-03
14.0563,3.41070641e-02,1.88382058e-03
14.0613,3.40675442e-02,1.88118795e-03
14.0663,3.40280700e-02,1.87855927e-03
14.0713,3.39886413e-02,1.87593453e-03
14.0763,3.39492583e-02,1.87331372e-03
14.0813,3.39099207e-02,1.87069684e-03
14.0863,3.38706287e-02,1.86808388e-03
14.0913,3.38313820e-02,1.86547483e-03
14.0963,3.37921807e-02,1.86286970e-03
14.1013,3.37530247e-02,1.86026846e-03
14.1063,3.37139140e-02,1.85767112e-03
14.1113,3.36748484e-02,1.85507766e-03
14.1163,3.36358281e-02,1.85248809e-03
14.1213,3.35968528e-02,1.84990240e-03
14.1263,3.35579225e-02,1.84732057e-03
14.1313,3.35190373e-02,1.84474260e-03
14.1363,3.34801970e-02,1.84216850e-03
14.1413,3.34414016e-02,1.83959824e-03
14.1463,3.34026510e-02,1.83703183e-03
14.1513,3.33639452e-02,1.83446925e-03
14.1563,3.33252842e-02,1.83191051e-03
14.1613,3.32866678e-02,1.82935559e-03
14.1663,3.32480961e-02,1.82680449e-03
14.1713,3.32095689e-02,1.82425720e-03
14.1763,3.31710863e-02,1.82171371e-03
14.1813,3.31326481e-02,1.81917403e-03
14.1863,3.30942544e-02,1.81663814e-03
14.1913,3.30559050e-02,1.81410604e-03
14.1963,3.30176000e-02,1.81157772e-03
14.2013,3.29793392e-02,1.80905317e-03
14.2063,3.29411226e-02,1.80653240e-03
14.2113,3.29029503e-02,1.80401538e-03
14.2163,3.28648220e-02,1.80150212e-03
14.2213,3.28267378e-02,1.79899261e-03
14.2263,3.27886976e-02,1.79648685e-03
14.2313,3.27507014e-02,1.79398482e-03
14.2363,3.27127491e-02,1.79148653e-03
14.2413,3.26748406e-02,1.78899196e-03
14.2463,3.26369760e-02,1.78650111e-03
14.2513,3.25991551e-02,1.78401398e-03
14.2563,3.25613779e-02,1.78153055e-03
14.2613,3.25236444e-02,1.77905082e-03
14.2663,3.24859545e-02,1.77657479e-03
14.2713,3.24483081e-02,1.77410245e-03
14.2763,3.24107053e-02,1.77163379e-03
14.2813,3.23731459e-02,1.76916881e-03
14.2863,3.23356299e-02,1.76670750e-03
14.2913,3.22981573e-02,1.76424985e-03
14.2963,3.22607279e-02,1.76179586e-03
14.3013,3.22233419e-02,1.75934553e-03
14.3063,3.21859990e-02,1.75689884e-03
14.3113,3.21486993e-02,1.75445580e-03
14.3163,3.21114427e-02,1.75201639e-03
14.3213,3.20742292e-02,1.74958061e-03
14.3263,3.20370586e-02,1.74714845e-03
14.3313,3.19999310e-02,1.74471991e-03
14.3363,3.19628463e-02,1.74229498e-03
14.3413,3.19258045e-02,1.73987366e-03
14.3463,3.18888055e-02,1.73745594e-03
14.3513,3.18518492e-02,1.73504181e-03
14.3563,3.18149357e-02,1.73263127e-03
14.3613,3.17780648e-02,1.73022431e-03
14.3663,3.17412365e-02,1.72782093e-03
14.3713,3.17044507e-02,1.72542112e-03
14.3763,3.16677075e-02,1.72302487e-03
14.3813,3.16310067e-02,1.72063218e-03
14.3863,3.15943484e-02,1.71824305e-03
14.3913,3.15577324e-02,1.71585746e-03
14.3963,3.15211587e-02,1.71347541e-03
14.4013,3.14846273e-02,1.71109690e-03
14.4063,3.14481381e-02,1.70872192e-03
14.4113,3.14116911e-02,1.70635047e-03
14.4163,3.13752861e-02,1.70398253e-03
14.4213,3.13389233e-02,1.70161810e-03
14.4263,3.13026025e-02,1.69925719e-03
14.4313,3.12663236e-02,1.69689977e-03
14.4363,3.12300867e-02,1.69454585e-03
14.4413,3.11938916e-02,1.69219542e-03
14.4463,3.11577383e-02,1.68984847e-03
14.4513,3.11216269e-02,1.68750500e-03
14.4563,3.10855571e-02,1.68516501e-03
14.4613,3.10495291e-02,1.68282848e-03
14.4663,3.10135427e-02,1.68049542e-03
14.4713,3.09775978e-02,1.67816581e-03
14.4763,3.09416945e-02,1.67583965e-03
14.4813,3.09058327e-02,1.67351693e-03
14.4863,3.08700123e-02,1.67119766e-03
14.4913,3.08342333e-02,1.66888182e-03
14.4963,3.07984957e-02,1.66656940e-03
14.5013,3.07627993e-02,1.66426041e-03
14.5063,3.07271442e-02,1.66195484e-03
14.5113,3.06915303e-02,1.65965268e-03
14.5163,3.06559575e-02,1.65735392e-03
14.5213,3.06204259e-02,1.65505857e-03
14.5263,3.05849353e-02,1.65276661e-03
14.5313,3.05494857e-02,1.65047803e-03
14.5363,3.05140770e-02,1.64819285e-03
14.5413,3.04787093e-02,1.64591104e-03
14.5463,3.04433825e-02,1.64363260e-03
14.5513,3.04080964e-02,1.64135753e-03
14.5563,3.03728512e-02,1.63908583e-03
14.5613,3.03376466e-02,1.63681748e-03
14.5663,3.03024828e-02,1.63455248e-03
14.5713,3.02673595e-02,1.63229083e-03
14.5763,3.02322769e-02,1.63003251e-03
14.5813,3.01972348e-02,1.62777754e-03
14.5863,3.01622331e-02,1.62552589e-03
14.5913,3.01272720e-02,1.62327756e-03
14.5963,3.00923512e-02,1.62103256e-03
14.6013,3.00574707e-02,1.61879087e-03
14.6063,3.00226306e-02,1.61655248e-03
14.6113,2.99878307e-02,1.61431740e-03
14.6163,2.99530710e-02,1.61208562e-03
14.6213,2.99183515e-02,1.60985713e-03
14.6263,2.98836721e-02,1.60763192e-03
14.6313,2.98490328e-02,1.60541000e-03
14.6363,2.98144335e-02,1.60319135e-03
14.6413,2.97798741e-02,1.60097598e-03
14.6463,2.97453547e-02,1.59876387e-03
14.6513,2.97108752e-02,1.59655502e-03
14.6563,2.96764355e-02,1.59434942e-03
14.6613,2.96420356e-02,1.59214707e-03
14.6663,2.96076755e-02,1.58994797e-03
14.6713,2.95733550e-02,1.58775211e-03
14.6763,2.95390742e-02,1.58555949e-03
14.6813,2.95048330e-02,1.58337009e-03
14.6863,2.94706314e-02,1.58118391e-03
14.6913,2.94364692e-02,1.57900096e-03
14.6963,2.94023466e-02,1.57682121e-03
14.7013,2.93682634e-02,1.57464468e-03
14.7063,2.93342195e-02,1.57247135e-03
14.7113,2.93002150e-02,1.57030121e-03
14.7163,2.92662497e-02,1.56813427e-03
14.7213,2.92323237e-02,1.56597052e-03
14.7263,2.91984369e-02,1.56380995e-03
14.7313,2.91645893e-02,1.56165255e-03
14.7363,2.91307807e-02,1.55949833e-03
14.7413,2.90970112e-02,1.55734728e-03
14.7463,2.90632808e-02,1.55519938e-03
14.7513,2.90295893e-02,1.55305465e-03
14.7563,2.89959367e-02,1.55091306e-03
14.7613,2.89623230e-02,1.54877463e-03
14.7663,2.89287481e-02,1.54663933e-03
14.7713,2.88952120e-02,1.54450717e-03
14.7763,2.88617147e-02,1.54237814e-03
14.7813,2.88282560e-02,1.54025224e-03
14.7863,2.87948360e-02,1.53812946e-03
14.7913,2.87614546e-02,1.53600980e-03
14.7963,2.87281118e-02,1.53389325e-03
14.8013,2.86948075e-02,1.53177981e-03
14.8063,2.86615417e-02,1.52966947e-03
14.8113,2.86283143e-02,1.52756222e-03
14.8163,2.85951253e-02,1.52545807e-03
14.8213,2.85619746e-02,1.52335700e-03
14.8263,2.85288622e-02,1.52125901e-03
14.8313,2.84957881e-02,1.51916410e-03
14.8363,2.84627522e-02,1.51707227e-03
14.8413,2.84297544e-02,1.51498350e-03
14.8463,2.83967948e-02,1.51289779e-03
14.8513,2.83638732e-02,1.51081514e-03
14.8563,2.83309897e-02,1.50873554e-03
14.8613,2.82981442e-02,1.50665899e-03
14.8663,2.82653366e-02,1.50458548e-03
14.8713,2.82325669e-02,1.50251501e-03
14.8763,2.81998350e-02,1.50044757e-03
14.8813,2.81671410e-02,1.49838316e-03
14.8863,2.81344847e-02,1.49632178e-03
14.8913,2.81018661e-02,1.49426341e-03
14.8963,2.80692853e-02,1.49220805e-03
14.9013,2.80367420e-02,1.49015570e-03
14.9063,2.80042364e-02,1.48810636e-03
14.9113,2.79717683e-02,1.48606002e-03
14.9163,2.79393377e-02,1.48401667e-03
14.9213,2.79069446e-02,1.48197631e-03
14.9263,2.78745889e-02,1.47993893e-03
14.9313,2.78422705e-02,1.47790454e-03
14.9363,2.78099895e-02,1.47587312e-03
14.9413,2.77777458e-02,1.47384467e-03
14.9463,2.77455393e-02,1.47181918e-03
14.9513,2.77133701e-02,1.46979666e-03
14.9563,2.76812380e-02,1.46777709e-03
14.9613,2.76491430e-02,1.46576048e-03
14.9663,2.76170850e-02,1.46374681e-03
14.9713,2.75850641e-02,1.46173608e-03
14.9763,2.75530802e-02,1.45972829e-03
14.9813,2.75211333e-02,1.45772343e-03
14.9863,2.74892232e-02,1.45572150e-03
14.9913,2.74573500e-02,1.45372250e-03
14.9963,2.74255136e-02,1.45172641e-03
15.0012,2.73937140e-02,1.44973324e-03
15.0062,2.73619511e-02,1.44774298e-03
15.0112,2.73302249e-02,1.44575562e-03
15.0162,2.72985353e-02,1.44377116e-03
15.0212,2.72668824e-02,1.44178960e-03
15.0262,2.72352660e-02,1.43981093e-03
15.0312,2.72036861e-02,1.43783514e-03
15.0362,2.71721427e-02,1.43586224e-03
15.0412,2.71406357e-02,1.43389221e-03
15.0462,2.71091652e-02,1.43192506e-03
15.0512,2.70777309e-02,1.42996077e-03
15.0562,2.70463330e-02,1.42799935e-03
15.0612,2.70149713e-02,1.42604078e-03
15.0662,2.69836459e-02,1.42408508e-03
15.0712,2.69523566e-02,1.42213222e-03
15.0762,2.69211035e-02,1.42018220e-03
15.0812,2.68898865e-02,1.41823503e-03
15.0862,2.68587055e-02,1.41629069e-03
15.0912,2.68275605e-02,1.41434919e-03
15.0962,2.67964516e-02,1.41241051e-03
15.1012,2.67653785e-02,1.41047466e-03
15.1062,2.67343413e-02,1.40854162e-03
15.1112,2.67033400e-02,1.40661140e-03
15.1162,2.66723745e-02,1.40468398e-03
15.1212,2.66414447e-02,1.40275938e-03
15.1262,2.66105507e-02,1.40083757e-03
15.1312,2.65796923e-02,1.39891856e-03
15.1362,2.65488696e-02,1.39700234e-03
15.1412,2.65180825e-02,1.39508890e-03
15.1462,2.64873309e-02,1.39317825e-03
15.1512,2.64566148e-02,1.39127038e-03
15.1562,2.64259343e-02,1.38936528e-03
15.1612,2.63952891e-02,1.38746295e-03
15.1662,2.63646794e-02,1.38556339e-03
15.1712,2.63341050e-02,1.38366659e-03
15.1762,2.63035659e-02,1.38177254e-03
15.1812,2.62730620e-02,1.37988125e-03
15.1862,2.62425934e-02,1.37799270e-03
15.1912,2.62121600e-02,1.37610690e-03
15.1962,2.61817617e-02,1.37422384e-03
15.2012,2.61513986e-02,1.37234351e-03
15.2062,2.61210705e-02,1.37046591e-03
15.2112,2.60907774e-02,1.36859104e-03
15.2162,2.60605193e-02,1.36671889e-03
15.2212,2.60302961e-02,1.36484945e-03
15.2262,2.60001079e-02,1.36298274e-03
15.2312,2.59699545e-02,1.36111872e-03
15.2362,2.59398359e-02,1.35925742e-03
15.2412,2.59097521e-02,1.35739881e-03
15.2462,2.58797031e-02,1.35554290e-03
15.2512,2.58496887e-02,1.35368968e-03
15.2562,2.58197091e-02,1.35183915e-03
15.2612,2.57897640e-02,1.34999131e-03
15.2662,2.57598535e-02,1.34814614e-03
15.2712,2.57299775e-02,1.34630364e-03
15.2762,2.57001361e-02,1.34446382e-03
15.2812,2.56703291e-02,1.34262667e-03
15.2862,2.56405565e-02,1.34079217e-03
15.2912,2.56108183e-02,1.33896034e-03
15.2962,2.55811145e-02,1.33713115e-03
15.3012,2.55514449e-02,1.33530462e-03
15.3062,2.55218096e-02,1.33348073e-03
15.3112,2.54922086e-02,1.33165949e-03
15.3162,2.54626417e-02,1.32984088e-03
15.3212,2.54331089e-02,1.32802490e-03
15.3262,2.54036102e-02,1.32621156e-03
15.3312,2.53741457e-02,1.32440084e-03
15.3362,2.53447151e-02,1.32259273e-03
15.3412,2.53153185e-02,1.32078725e-03
15.3462,2.52859558e-02,1.31898438e-03
15.3512,2.52566271e-02,1.31718411e-03
15.3562,2.52273322e-02,1.31538645e-03
15.3612,2.51980712e-02,1.31359139e-03
15.3662,2.51688439e-02,1.31179893e-03
15.3712,2.51396504e-02,1.31000906e-03
15.3762,2.51104906e-02,1.30822177e-03
15.3812,2.50813644e-02,1.30643707e-03
15.3862,2.50522719e-02,1.30465495e-03
15.3912,2.50232130e-02,1.30287540e-03
15.3962,2.49941876e-02,1.30109843e-03
15.4012,2.49651958e-02,1.29932402e-03
15.4062,2.49362374e-02,1.29755218e-03
15.4112,2.49073124e-02,1.29578290e-03
15.4162,2.48784209e-02,1.29401617e-03
15.4212,2.48495627e-02,1.29225199e-03
15.4262,2.48207378e-02,1.29049036e-03
15.4312,2.47919462e-02,1.28873128e-03
15.4362,2.47631879e-02,1.28697473e-03
15.4412,2.47344627e-02,1.28522072e-03
15.4462,2.47057707e-02,1.28346924e-03
15.4512,2.46771118e-02,1.28172029e-03
15.4562,2.46484861e-02,1.27997386e-03
15.4612,2.46198933e-02,1.27822995e-03
15.4662,2.45913336e-02,1.27648856e-03
15.4712,2.45628069e-02,1.27474968e-03
15.4762,2.45343131e-02,1.27301331e-03
15.4812,2.45058522e-02,1.27127944e-03
15.4862,2.44774241e-02,1.26954807e-03
15.4912,2.44490289e-02,1.26781919e-03
15.4962,2.44206664e-02,1.26609281e-03
15.5012,2.43923367e-02,1.26436892e-03
15.5062,2.43640397e-02,1.26264751e-03
15.5112,2.43357754e-02,1.26092858e-03
15.5162,2.43075436e-02,1.25921213e-03
15.5212,2.42793445e-02,1.25749815e-03
15.5262,2.42511780e-02,1.25578664e-03
15.5312,2.42230439e-02,1.25407760e-03
15.5362,2.41949424e-02,1.25237101e-03
15.5412,2.41668732e-02,1.25066688e-03
15.5462,2.41388365e-02,1.24896521e-03
15.5512,2.41108322e-02,1.24726599e-03
15.5562,2.40828601e-02,1.24556921e-03
15.5612,2.40549204e-02,1.24387487e-03
15.5662,2.40270129e-02,1.24218297e-03
15.5712,2.39991376e-02,1.24049351e-03
15.5762,2.39712945e-02,1.23880648e-03
15.5812,2.39434836e-02,1.23712187e-03
15.5862,2.39157047e-02,1.23543969e-03
15.5912,2.38879580e-02,1.23375992e-03
15.5962,2.38602432e-02,1.23208257e-03
15.6012,2.38325605e-02,1.23040763e-03
15.6062,2.38049097e-02,1.22873510e-03
15.6112,2.37772908e-02,1.22706498e-03
15.6162,2.37497038e-02,1.22539725e-03
15.6212,2.37221486e-02,1.22373192e-03
15.6262,2.36946253e-02,1.22206899e-03
15.6312,2.36671337e-02,1.22040844e-03
15.6362,2.36396738e-02,1.21875028e-03
15.6412,2.36122457e-02,1.21709450e-03
15.6462,2.35848492e-02,1.21544110e-03
15.6512,2.35574843e-02,1.21379007e-03
15.6562,2.35301510e-02,1.21214141e-03
15.6612,2.35028493e-02,1.21049512e-03
15.6662,2.34755791e-02,1.20885119e-03
15.6712,2.34483403e-02,1.20720963e-03
15.6762,2.34211330e-02,1.20557041e-03
15.6812,2.33939571e-02,1.20393356e-03
15.6862,2.33668126e-02,1.20229904e-03
15.6912,2.33396994e-02,1.20066688e-03
15.6962,2.33126175e-02,1.19903705e-03
15.7012,2.32855668e-02,1.19740957e-03
15.7062,2.32585474e-02,1.19578441e-03
15.7112,2.32315592e-02,1.19416159e-03
15.7162,2.32046021e-02,1.19254109e-03
15.7212,2.31776761e-02,1.19092292e-03
15.7262,2.31507812e-02,1.18930707e-03
15.7312,2.31239173e-02,1.18769353e-03
15.7362,2.30970845e-02,1.18608230e-03
15.7412,2.30702826e-02,1.18447338e-03
15.7462,2.30435116e-02,1.18286677e-03
15.7512,2.30167715e-02,1.18126246e-03
15.7562,2.29900624e-02,1.17966045e-03
15.7612,2.29633840e-02,1.17806073e-03
15.7662,2.29367364e-02,1.17646330e-03
15.7712,2.29101196e-02,1.17486816e-03
15.7762,2.28835335e-02,1.17327531e-03
15.7812,2.28569780e-02,1.17168473e-03
15.7862,2.28304532e-02,1.17009643e-03
15.7912,2.28039591e-02,1.16851040e-03
15.7962,2.27774955e-02,1.16692665e-03
15.8012,2.27510624e-02,1.16534516e-03
15.8062,2.27246599e-02,1.16376593e-03
15.8112,2.26982878e-02,1.16218896e-03
15.8162,2.26719462e-02,1.16061424e-03
15.8212,2.26456349e-02,1.15904178e-03
15.8262,2.26193540e-02,1.15747157e-03
15.8312,2.25931035e-02,1.15590360e-03
15.8362,2.25668832e-02,1.15433787e-03
15.8412,2.25406932e-02,1.15277439e-03
15.8462,2.25145334e-02,1.15121313e-03
15.8512,2.24884039e-02,1.14965411e-03
15.8562,2.24623044e-02,1.14809731e-03
15.8612,2.24362351e-02,1.14654274e-03
15.8662,2.24101959e-02,1.14499039e-03
15.8712,2.23841867e-02,1.14344026e-03
15.8762,2.23582075e-02,1.14189234e-03
15.8812,2.23322583e-02,1.14034664e-03
15.8862,2.23063390e-02,1.13880313e-03
15.8912,2.22804497e-02,1.13726184e-03
15.8962,2.22545902e-02,1.13572274e-03
15.9012,2.22287606e-02,1.13418584e-03
15.9062,2.22029608e-02,1.13265114e-03
15.9112,2.21771907e-02,1.13111862e-03
15.9162,2.21514504e-02,1.12958829e-03
15.9212,2.21257398e-02,1.12806015e-03
15.9262,2.21000588e-02,1.12653418e-03
15.9312,2.20744075e-02,1.12501039e-03
15.9362,2.20487858e-02,1.12348877e-03
15.9412,2.20231936e-02,1.12196933e-03
15.9462,2.19976310e-02,1.12045205e-03
15.9512,2.19720978e-02,1.11893693e-03
15.9562,2.19465942e-02,1.11742398e-03
15.9612,2.19211199e-02,1.11591318e-03
15.9662,2.18956751e-02,1.11440453e-03
15.9712,2.18702596e-02,1.11289804e-03
15.9762,2.18448734e-02,1.11139369e-03
15.9812,2.18195165e-02,1.10989148e-03
15.9862,2.17941889e-02,1.10839141e-03
15.9912,2.17688905e-02,1.10689348e-03
15.9962,2.17436213e-02,1.10539769e-03
16.0012,2.17183812e-02,1.10390402e-03
16.0062,2.16931702e-02,1.10241248e-03
16.0112,2.16679884e-02,1.10092307e-03
16.0162,2.16428356e-02,1.09943577e-03
16.0212,2.16177118e-02,1.09795059e-03
16.0262,2.15926170e-02,1.09646753e-03
16.0312,2.15675512e-02,1.09498657e-03
16.0362,2.15425142e-02,1.09350773e-03
16.0412,2.15175062e-02,1.09203098e-03
16.0462,2.14925270e-02,1.09055634e-03
16.0512,2.14675766e-02,1.08908380e-03
16.0562,2.14426550e-02,1.08761335e-03
16.0612,2.14177622e-02,1.08614499e-03
16.0662,2.13928981e-02,1.08467872e-03
16.0712,2.13680626e-02,1.08321453e-03
16.0762,2.13432558e-02,1.08175243e-03
16.0812,2.13184777e-02,1.08029240e-03
16.0862,2.12937281e-02,1.07883445e-03
16.0912,2.12690070e-02,1.07737857e-03
16.0962,2.12443145e-02,1.07592476e-03
16.1012,2.12196505e-02,1.07447302e-03
16.1062,2.11950149e-02,1.07302333e-03
16.1112,2.11704077e-02,1.07157571e-03
16.1162,2.11458290e-02,1.07013014e-03
16.1212,2.11212785e-02,1.06868663e-03
16.1262,2.10967564e-02,1.06724516e-03
16.1312,2.10722626e-02,1.06580574e-03
16.1362,2.10477970e-02,1.06436837e-03
16.1412,2.10233597e-02,1.06293304e-03
16.1462,2.09989505e-02,1.06149974e-03
16.1512,2.09745695e-02,1.06006848e-03
16.1562,2.09502167e-02,1.05863924e-03
16.1612,2.09258919e-02,1.05721204e-03
16.1662,2.09015952e-02,1.05578686e-03
16.1712,2.08773265e-02,1.05436370e-03
16.1762,2.08530858e-02,1.05294256e-03
16.1812,2.08288730e-02,1.05152344e-03
16.1862,2.08046882e-02,1.05010633e-03
16.1912,2.07805313e-02,1.04869122e-03
16.1962,2.07564022e-02,1.04727813e-03
16.2011,2.07323010e-02,1.04586704e-03
16.2061,2.07082275e-02,1.04445794e-03
16.2111,2.06841819e-02,1.04305085e-03
16.2161,2.06601639e-02,1.04164575e-03
16.2211,2.06361737e-02,1.04024263e-03
16.2261,2.06122111e-02,1.03884151e-03
16.2311,2.05882762e-02,1.03744237e-03
16.2361,2.05643689e-02,1.03604522e-03
16.2411,2.05404891e-02,1.03465004e-03
16.2461,2.05166369e-02,1.03325684e-03
16.2511,2.04928122e-02,1.03186561e-03
16.2561,2.04690150e-02,1.03047635e-03
16.2611,2.04452452e-02,1.02908905e-03
16.2661,2.04215029e-02,1.02770372e-03
16.2711,2.03977879e-02,1.02632036e-03
16.2761,2.03741003e-02,1.02493894e-03
16.2811,2.03504400e-02,1.02355949e-03
16.2861,2.03268069e-02,1.02218198e-03
16.2911,2.03032012e-02,1.02080643e-03
16.2961,2.02796226e-02,1.01943282e-03
16.3011,2.02560713e-02,1.01806115e-03
16.3061,2.02325471e-02,1.01669142e-03
16.3111,2.02090500e-02,1.01532363e-03
16.3161,2.01855800e-02,1.01395777e-03
16.3211,2.01621371e-02,1.01259385e-03
16.3261,2.01387213e-02,1.01123185e-03
16.3311,2.01153324e-02,1.00987178e-03
16.3361,2.00919705e-02,1.00851363e-03
16.3411,2.00686355e-02,1.00715739e-03
16.3461,2.00453275e-02,1.00580308e-03
16.3511,2.00220463e-02,1.00445068e-03
16.3561,1.99987920e-02,1.00310018e-03
16.3611,1.99755645e-02,1.00175160e-03
16.3661,1.99523637e-02,1.00040492e-03
16.3711,1.99291898e-02,9.99060143e-04
16.3761,1.99060425e-02,9.97717264e-04
16.3811,1.98829219e-02,9.96376281e-04
16.3861,1.98598280e-02,9.95037190e-04
16.3911,1.98367608e-02,9.93699990e-04
16.3961,1.98137201e-02,9.92364677e-04
16.4011,1.97907060e-02,9.91031249e-04
16.4061,1.97677184e-02,9.89699702e-04
16.4111,1.97447573e-02,9.88370034e-04
16.4161,1.97218227e-02,9.87042241e-04
16.4211,1.96989146e-02,9.85716322e-04
16.4261,1.96760328e-02,9.84392272e-04
16.4311,1.96531775e-02,9.83070090e-04
16.4361,1.96303485e-02,9.81749772e-04
16.4411,1.96075458e-02,9.80431316e-04
16.4461,1.95847694e-02,9.79114719e-04
16.4511,1.95620192e-02,9.77799977e-04
16.4561,1.95392953e-02,9.76487089e-04
16.4611,1.95165976e-02,9.75176050e-04
16.4661,1.94939261e-02,9.73866860e-04
16.4711,1.94712807e-02,9.72559514e-04
16.4761,1.94486614e-02,9.71254010e-04
16.4811,1.94260682e-02,9.69950345e-04
16.4861,1.94035010e-02,9.68648516e-04
16.4911,1.93809598e-02,9.67348520e-04
16.4961,1.93584447e-02,9.66050356e-04
16.5011,1.93359555e-02,9.64754019e-04
16.5061,1.93134922e-02,9.63459507e-04
16.5111,1.92910548e-02,9.62166818e-04
16.5161,1.92686433e-02,9.60875949e-04
16.5211,1.92462576e-02,9.59586896e-04
16.5261,1.92238977e-02,9.58299657e-04
16.5311,1.92015636e-02,9.57014230e-04
16.5361,1.91792552e-02,9.55730612e-04
16.5411,1.91569726e-02,9.54448799e-04
16.5461,1.91347156e-02,9.53168789e-04
16.5511,1.91124843e-02,9.51890580e-04
16.5561,1.90902787e-02,9.50614168e-04
16.5611,1.90680986e-02,9.49339551e-04
16.5661,1.90459441e-02,9.48066727e-04
16.5711,1.90238151e-02,9.46795692e-04
16.5761,1.90017116e-02,9.45526444e-04
16.5811,1.89796336e-02,9.44258980e-04
16.5861,1.89575811e-02,9.42993297e-04
16.5911,1.89355540e-02,9.41729393e-04
16.5961,1.89135522e-02,9.40467265e-04
16.6011,1.88915759e-02,9.39206910e-04
16.6061,1.88696248e-02,9.37948326e-04
16.6111,1.88476991e-02,9.36691510e-04
16.6161,1.88257986e-02,9.35436459e-04
16.6211,1.88039234e-02,9.34183171e-04
16.6261,1.87820734e-02,9.32931643e-04
16.6311,1.87602485e-02,9.31681871e-04
16.6361,1.87384489e-02,9.30433855e-04
16.6411,1.87166743e-02,9.29187591e-04
16.6461,1.86949248e-02,9.27943075e-04
16.6511,1.86732004e-02,9.26700307e-04
16.6561,1.86515011e-02,9.25459282e-04
16.6611,1.86298267e-02,9.24219999e-04
16.6661,1.86081774e-02,9.22982455e-04
16.6711,1.85865530e-02,9.21746647e-04
16.6761,1.85649535e-02,9.20512572e-04
16.6811,1.85433789e-02,9.19280228e-04
16.6861,1.85218291e-02,9.18049613e-04
16.6911,1.85003042e-02,9.16820723e-04
16.6961,1.84788041e-02,9.15593556e-04
16.7011,1.84573288e-02,9.14368110e-04
16.7061,1.84358782e-02,9.13144381e-04
16.7111,1.84144524e-02,9.11922368e-04
16.7161,1.83930512e-02,9.10702068e-04
16.7211,1.83716747e-02,9.09483477e-04
16.7261,1.83503228e-02,9.08266595e-04
16.7311,1.83289956e-02,9.07051417e-04
16.7361,1.83076929e-02,9.05837941e-04
16.7411,1.82864148e-02,9.04626166e-04
16.7461,1.82651611e-02,9.03416087e-04
16.7511,1.82439320e-02,9.02207703e-04
16.7561,1.82227273e-02,9.01001012e-04
16.7611,1.82015471e-02,8.99796010e-04
16.7661,1.81803913e-02,8.98592695e-04
16.7711,1.81592598e-02,8.97391064e-04
16.7761,1.81381527e-02,8.96191116e-04
16.7811,1.81170699e-02,8.94992847e-04
16.7861,1.80960114e-02,8.93796255e-04
16.7911,1.80749772e-02,8.92601337e-04
16.7961,1.80539672e-02,8.91408091e-04
16.8011,1.80329814e-02,8.90216515e-04
16.8061,1.80120198e-02,8.89026605e-04
16.8111,1.79910823e-02,8.87838359e-04
16.8161,1.79701690e-02,8.86651776e-04
16.8211,1.79492798e-02,8.85466852e-04
16.8261,1.79284146e-02,8.84283584e-04
16.8311,1.79075734e-02,8.83101971e-04
16.8361,1.78867563e-02,8.81922010e-04
16.8411,1.78659632e-02,8.80743698e-04
16.8461,1.78451940e-02,8.79567033e-04
16.8511,1.78244487e-02,8.78392012e-04
16.8561,1.78037274e-02,8.77218633e-04
16.8611,1.77830299e-02,8.76046894e-04
16.8661,1.77623562e-02,8.74876792e-04
16.8711,1.77417064e-02,8.73708324e-04
16.8761,1.77210804e-02,8.72541488e-04
16.8811,1.77004781e-02,8.71376282e-04
16.8861,1.76798996e-02,8.70212703e-04
16.8911,1.76593447e-02,8.69050749e-04
16.8961,1.76388136e-02,8.67890418e-04
16.9011,1.76183060e-02,8.66731706e-04
16.9061,1.75978222e-02,8.65574611e-04
16.9111,1.75773619e-02,8.64419132e-04
16.9161,1.75569251e-02,8.63265265e-04
16.9211,1.75365120e-02,8.62113008e-04
16.9261,1.75161223e-02,8.60962359e-04
16.9311,1.74957561e-02,8.59813315e-04
16.9361,1.74754134e-02,8.58665875e-04
16.9411,1.74550941e-02,8.57520035e-04
16.9461,1.74347982e-02,8.56375793e-04
16.9511,1.74145257e-02,8.55233146e-04
16.9561,1.73942765e-02,8.54092093e-04
16.9611,1.73740507e-02,8.52952631e-04
16.9661,1.73538481e-02,8.51814758e-04
16.9711,1.73336689e-02,8.50678470e-04
16.9761,1.73135128e-02,8.49543767e-04
16.9811,1.72933800e-02,8.48410645e-04
16.9861,1.72732704e-02,8.47279102e-04
16.9911,1.72531839e-02,8.46149136e-04
16.9961,1.72331206e-02,8.45020744e-04
17.0011,1.72130803e-02,8.43893924e-04
17.0061,1.71930632e-02,8.42768673e-04
17.0111,1.71730691e-02,8.41644990e-04
17.0161,1.71530980e-02,8.40522872e-04
17.0211,1.71331499e-02,8.39402317e-04
17.0261,1.71132248e-02,8.38283321e-04
17.0311,1.70933227e-02,8.37165884e-04
17.0361,1.70734434e-02,8.36050002e-04
17.0411,1.70535871e-02,8.34935674e-04
17.0461,1.70337536e-02,8.33822896e-04
17.0511,1.70139430e-02,8.32711667e-04
17.0561,1.69941551e-02,8.31601985e-04
17.0611,1.69743901e-02,8.30493846e-04
17.0661,1.69546478e-02,8.29387249e-04
17.0711,1.69349283e-02,8.28282192e-04
17.0761,1.69152314e-02,8.27178671e-04
17.0811,1.68955573e-02,8.26076686e-04
17.0861,1.68759058e-02,8.24976232e-04
17.0911,1.68562769e-02,8.23877309e-04
17.0961,1.68366706e-02,8.22779914e-04
17.1011,1.68170869e-02,8.21684045e-04
17.1061,1.67975258e-02,8.20589699e-04
17.1111,1.67779871e-02,8.19496874e-04
17.1161,1.67584710e-02,8.18405568e-04
17.1211,1.67389773e-02,8.17315778e-04
17.1261,1.67195061e-02,8.16227503e-04
17.1311,1.67000573e-02,8.15140739e-04
17.1361,1.66806309e-02,8.14055486e-04
17.1411,1.66612268e-02,8.12971740e-04
17.1461,1.66418451e-02,8.11889499e-04
17.1511,1.66224858e-02,8.10808761e-04
17.1561,1.66031486e-02,8.09729524e-04
17.1611,1.65838338e-02,8.08651786e-04
17.1661,1.65645412e-02,8.07575544e-04
17.1711,1.65452708e-02,8.06500795e-04
17.1761,1.65260226e-02,8.05427539e-04
17.1811,1.65067965e-02,8.04355773e-04
17.1861,1.64875926e-02,8.03285494e-04
17.1911,1.64684108e-02,8.02216700e-04
17.1961,1.64492511e-02,8.01149389e-04
17.2011,1.64301134e-02,8.00083558e-04
17.2061,1.64109978e-02,7.99019207e-04
17.2111,1.63919041e-02,7.97956331e-04
17.2161,1.63728324e-02,7.96894930e-04
17.2211,1.63537827e-02,7.95835001e-04
17.2261,1.63347550e-02,7.94776542e-04
17.2311,1.63157491e-02,7.93719550e-04
17.2361,1.62967651e-02,7.92664023e-04
17.2411,1.62778029e-02,7.91609960e-04
17.2461,1.62588626e-02,7.90557358e-04
17.2511,1.62399441e-02,7.89506215e-04
17.2561,1.62210473e-02,7.88456528e-04
17.2611,1.62021723e-02,7.87408296e-04
17.2661,1.61833190e-02,7.86361517e-04
17.2711,1.61644874e-02,7.85316187e-04
17.2761,1.61456775e-02,7.84272306e-04
17.2811,1.61268893e-02,7.83229870e-04
17.2861,1.61081227e-02,7.82188878e-04
17.2911,1.60893776e-02,7.81149328e-04
17.2961,1.60706542e-02,7.80111218e-04
17.3011,1.60519522e-02,7.79074544e-04
17.3061,1.60332718e-02,7.78039306e-04
17.3111,1.60146130e-02,7.77005501e-04
17.3161,1.59959755e-02,7.75973127e-04
17.3211,1.59773596e-02,7.74942182e-04
17.3261,1.59587650e-02,7.73912663e-04
17.3311,1.59401919e-02,7.72884569e-04
17.3361,1.59216401e-02,7.71857897e-04
17.3411,1.59031096e-02,7.70832646e-04
17.3461,1.58846005e-02,7.69808813e-04
17.3511,1.58661127e-02,7.68786396e-04
17.3561,1.58476462e-02,7.67765393e-04
17.3611,1.58292009e-02,7.66745802e-04
17.3661,1.58107768e-02,7.65727621e-04
17.3711,1.57923740e-02,7.64710848e-04
17.3761,1.57739923e-02,7.63695480e-04
17.3811,1.57556318e-02,7.62681516e-04
17.3861,1.57372923e-02,7.61668953e-04
17.3911,1.57189740e-02,7.60657790e-04
17.3961,1.57006768e-02,7.59648024e-04
17.4010,1.56824006e-02,7.58639654e-04
17.4060,1.56641455e-02,7.57632676e-04
17.4110,1.56459113e-02,7.56627090e-04
17.4160,1.56276981e-02,7.55622893e-04
17.4210,1.56095059e-02,7.54620082e-04
17.4260,1.55913346e-02,7.53618657e-04
17.4310,1.55731842e-02,7.52618615e-04
17.4360,1.55550547e-02,7.51619953e-04
17.4410,1.55369461e-02,7.50622671e-04
17.4460,1.55188583e-02,7.49626765e-04
17.4510,1.55007912e-02,7.48632234e-04
17.4560,1.54827450e-02,7.47639075e-04
17.4610,1.54647196e-02,7.46647287e-04
17.4660,1.54467148e-02,7.45656868e-04
17.4710,1.54287308e-02,7.44667816e-04
17.4760,1.54107675e-02,7.43680128e-04
17.4810,1.53928248e-02,7.42693802e-04
17.4860,1.53749028e-02,7.41708838e-04
17.4910,1.53570014e-02,7.40725231e-04
17.4960,1.53391205e-02,7.39742982e-04
17.5010,1.53212603e-02,7.38762086e-04
17.5060,1.53034206e-02,7.37782544e-04
17.5110,1.52856014e-02,7.36804352e-04
17.5160,1.52678027e-02,7.35827508e-04
17.5210,1.52500245e-02,7.34852011e-04
17.5260,1.52322667e-02,7.33877858e-04
17.5310,1.52145293e-02,7.32905049e-04
17.5360,1.51968124e-02,7.31933579e-04
17.5410,1.51791158e-02,7.30963448e-04
17.5460,1.51614396e-02,7.29994654e-04
17.5510,1.51437837e-02,7.29027195e-04
17.5560,1.51261481e-02,7.28061068e-04
17.5610,1.51085328e-02,7.27096272e-04
17.5660,1.50909377e-02,7.26132805e-04
17.5710,1.50733629e-02,7.25170664e-04
17.5760,1.50558083e-02,7.24209848e-04
17.5810,1.50382739e-02,7.23250355e-04
17.5860,1.50207596e-02,7.22292184e-04
17.5910,1.50032655e-02,7.21335331e-04
17.5960,1.49857915e-02,7.20379795e-04
17.6010,1.49683376e-02,7.19425574e-04
17.6060,1.49509038e-02,7.18472666e-04
17.6110,1.49334900e-02,7.17521070e-04
17.6160,1.49160962e-02,7.16570782e-04
17.6210,1.48987224e-02,7.15621802e-04
17.6260,1.48813686e-02,7.14674128e-04
17.6310,1.48640348e-02,7.13727757e-04
17.6360,1.48467209e-02,7.12782687e-04
17.6410,1.48294269e-02,7.11838918e-04
17.6460,1.48121528e-02,7.10896446e-04
17.6510,1.47948985e-02,7.09955269e-04
17.6560,1.47776641e-02,7.09015387e-04
17.6610,1.47604495e-02,7.08076797e-04
17.6660,1.47432547e-02,7.07139497e-04
17.6710,1.47260797e-02,7.06203485e-04
17.6760,1.47089244e-02,7.05268759e-04
17.6810,1.46917888e-02,7.04335318e-04
17.6860,1.46746729e-02,7.03403159e-04
17.6910,1.46575767e-02,7.02472281e-04
17.6960,1.46405002e-02,7.01542681e-04
17.7010,1.46234432e-02,7.00614359e-04
17.7060,1.46064059e-02,6.99687311e-04
17.7110,1.45893882e-02,6.98761537e-04
17.7160,1.45723900e-02,6.97837034e-04
17.7210,1.45554114e-02,6.96913800e-04
17.7260,1.45384523e-02,6.95991834e-04
17.7310,1.45215127e-02,6.95071133e-04
17.7360,1.45045925e-02,6.94151696e-04
17.7410,1.44876918e-02,6.93233521e-04
17.7460,1.44708106e-02,6.92316606e-04
17.7510,1.44539487e-02,6.91400950e-04
17.7560,1.44371062e-02,6.90486549e-04
17.7610,1.44202831e-02,6.89573404e-04
17.7660,1.44034793e-02,6.88661511e-04
17.7710,1.43866948e-02,6.87750868e-04
17.7760,1.43699296e-02,6.86841475e-04
17.7810,1.43531837e-02,6.85933329e-04
17.7860,1.43364570e-02,6.85026428e-04
17.7910,1.43197496e-02,6.84120771e-04
17.7960,1.43030613e-02,6.83216355e-04
17.8010,1.42863922e-02,6.82313179e-04
17.8060,1.42697423e-02,6.81411242e-04
17.8110,1.42531115e-02,6.80510540e-04
17.8160,1.42364998e-02,6.79611073e-04
17.8210,1.42199072e-02,6.78712838e-04
17.8260,1.42033337e-02,6.77815834e-04
17.8310,1.41867792e-02,6.76920060e-04
17.8360,1.41702438e-02,6.76025512e-04
17.8410,1.41537273e-02,6.75132190e-04
17.8460,1.41372298e-02,6.74240091e-04
17.8510,1.41207513e-02,6.73349214e-04
17.8560,1.41042917e-02,6.72459557e-04
17.8610,1.40878510e-02,6.71571118e-04
17.8660,1.40714292e-02,6.70683896e-04
17.8710,1.40550263e-02,6.69797888e-04
17.8760,1.40386422e-02,6.68913093e-04
17.8810,1.40222770e-02,6.68029509e-04
17.8860,1.40059305e-02,6.67147135e-04
17.8910,1.39896029e-02,6.66265968e-04
17.8960,1.39732939e-02,6.65386007e-04
17.9010,1.39570038e-02,6.64507249e-04
17.9060,1.39407323e-02,6.63629694e-04
17.9110,1.39244795e-02,6.62753340e-04
17.9160,1.39082454e-02,6.61878184e-04
17.9210,1.38920300e-02,6.61004225e-04
17.9260,1.38758331e-02,6.60131461e-04
17.9310,1.38596549e-02,6.59259891e-04
17.9360,1.38434953e-02,6.58389512e-04
17.9410,1.38273542e-02,6.57520323e-04
17.9460,1.38112317e-02,6.56652323e-04
17.9510,1.37951276e-02,6.55785509e-04
17.9560,1.37790421e-02,6.54919879e-04
17.9610,1.37629751e-02,6.54055433e-04
17.9660,1.37469265e-02,6.53192168e-04
17.9710,1.37308963e-02,6.52330083e-04
17.9760,1.37148846e-02,6.51469175e-04
17.9810,1.36988912e-02,6.50609443e-04
17.9860,1.36829162e-02,6.49750886e-04
17.9910,1.36669596e-02,6.48893502e-04
17.9960,1.36510212e-02,6.48037288e-04
18.0010,1.36351012e-02,6.47182244e-04
18.0060,1.36191995e-02,6.46328367e-04
18.0110,1.36033160e-02,6.45475656e-04
18.0160,1.35874508e-02,6.44624109e-04
18.0210,1.35716037e-02,6.43773724e-04
18.0260,1.35557749e-02,6.42924501e-04
18.0310,1.35399643e-02,6.42076436e-04
18.0360,1.35241718e-02,6.41229528e-04
18.0410,1.35083974e-02,6.40383777e-04
18.0460,1.34926412e-02,6.39539179e-04
18.0510,1.34769030e-02,6.38695733e-04
18.0560,1.34611830e-02,6.37853438e-04
18.0610,1.34454809e-02,6.37012292e-04
18.0660,1.34297969e-02,6.36172293e-04
18.0710,1.34141309e-02,6.35333440e-04
18.0760,1.33984829e-02,6.34495730e-04
18.0810,1.33828529e-02,6.33659163e-04
18.0860,1.33672408e-02,6.32823736e-04
18.0910,1.33516466e-02,6.31989448e-04
18.0960,1.33360703e-02,6.31156297e-04
18.1010,1.33205119e-02,6.30324282e-04
18.1060,1.33049714e-02,6.29493401e-04
18.1110,1.32894487e-02,6.28663652e-04
18.1160,1.32739438e-02,6.27835034e-04
18.1210,1.32584567e-02,6.27007544e-04
18.1260,1.32429874e-02,6.26181182e-04
18.1310,1.32275359e-02,6.25355946e-04
18.1360,1.32121021e-02,6.24531833e-04
18.1410,1.31966860e-02,6.23708843e-04
18.1460,1.31812876e-02,6.22886974e-04
18.1510,1.31659068e-02,6.22066223e-04
18.1560,1.31505438e-02,6.21246591e-04
18.1610,1.31351983e-02,6.20428074e-04
18.1660,1.31198705e-02,6.19610671e-04
18.1710,1.31045603e-02,6.18794381e-04
18.1760,1.30892676e-02,6.17979202e-04
18.1810,1.30739925e-02,6.17165132e-04
18.1860,1.30587349e-02,6.16352170e-04
18.1910,1.30434948e-02,6.15540314e-04
18.1960,1.30282722e-02,6.14729562e-04
18.2010,1.30130671e-02,6.13919914e-04
18.2060,1.29978794e-02,6.13111367e-04
18.2110,1.29827092e-02,6.12303919e-04
18.2160,1.29675564e-02,6.11497570e-04
18.2210,1.29524209e-02,6.10692317e-04
18.2260,1.29373028e-02,6.09888159e-04
18.2310,1.29222021e-02,6.09085095e-04
18.2360,1.29071187e-02,6.08283122e-04
18.2410,1.28920526e-02,6.07482239e-04
18.2460,1.28770038e-02,6.06682445e-04
18.2510,1.28619722e-02,6.05883738e-04
18.2560,1.28469579e-02,6.05086116e-04
18.2610,1.28319608e-02,6.04289578e-04
18.2660,1.28169810e-02,6.03494122e-04
18.2710,1.28020183e-02,6.02699747e-04
18.2760,1.27870728e-02,6.01906451e-04
18.2810,1.27721444e-02,6.01114232e-04
18.2860,1.27572331e-02,6.00323090e-04
18.2910,1.27423390e-02,5.99533022e-04
18.2960,1.27274619e-02,5.98744026e-04
18.3010,1.27126019e-02,5.97956102e-04
18.3060,1.26977590e-02,5.97169248e-04
18.3110,1.26829331e-02,5.96383462e-04
18.3160,1.26681241e-02,5.95598743e-04
18.3210,1.26533322e-02,5.94815088e-04
18.3260,1.26385572e-02,5.94032497e-04
18.3310,1.26237992e-02,5.93250968e-04
18.3360,1.26090581e-02,5.92470500e-04
18.3410,1.25943339e-02,5.91691090e-04
18.3460,1.25796266e-02,5.90912738e-04
18.3510,1.25649362e-02,5.90135441e-04
18.3560,1.25502626e-02,5.89359199e-04
18.3610,1.25356059e-02,5.88584010e-04
18.3660,1.25209659e-02,5.87809872e-04
18.3710,1.25063427e-02,5.87036783e-04
18.3760,1.24917363e-02,5.86264743e-04
18.3810,1.24771467e-02,5.85493750e-04
18.3860,1.24625738e-02,5.84723801e-04
18.3910,1.24480176e-02,5.83954897e-04
18.3960,1.24334781e-02,5.83187034e-04
18.4010,1.24189552e-02,5.82420212e-04
18.4060,1.24044490e-02,5.81654429e-04
18.4110,1.23899595e-02,5.80889684e-04
18.4160,1.23754865e-02,5.80125974e-04
18.4210,1.23610302e-02,5.79363300e-04
18.4260,1.23465904e-02,5.78601658e-04
18.4310,1.23321672e-02,5.77841048e-04
18.4360,1.23177605e-02,5.77081468e-04
18.4410,1.23033703e-02,5.76322917e-04
18.4460,1.22889966e-02,5.75565393e-04
18.4510,1.22746394e-02,5.74808894e-04
18.4560,1.22602987e-02,5.74053420e-04
18.4610,1.22459744e-02,5.73298968e-04
18.4660,1.22316665e-02,5.72545538e-04
18.4710,1.22173750e-02,5.71793127e-04
18.4760,1.22030999e-02,5.71041734e-04
18.4810,1.21888412e-02,5.70291359e-04
18.4860,1.21745988e-02,5.69541998e-04
18.4910,1.21603727e-02,5.68793651e-04
18.4960,1.21461629e-02,5.68046317e-04
18.5010,1.21319695e-02,5.67299994e-04
18.5060,1.21177923e-02,5.66554679e-04
18.5110,1.21036313e-02,5.65810373e-04
18.5160,1.20894866e-02,5.65067074e-04
18.5210,1.20753580e-02,5.64324779e-04
18.5260,1.20612457e-02,5.63583488e-04
18.5310,1.20471495e-02,5.62843199e-04
18.5360,1.20330695e-02,5.62103911e-04
18.5410,1.20190056e-02,5.61365622e-04
18.5460,1.20049579e-02,5.60628331e-04
18.5510,1.19909262e-02,5.59892036e-04
18.5560,1.19769106e-02,5.59156736e-04
18.5610,1.19629111e-02,5.58422430e-04
18.5660,1.19489276e-02,5.57689116e-04
18.5710,1.19349601e-02,5.56956792e-04
18.5760,1.19210087e-02,5.56225457e-04
18.5810,1.19070732e-02,5.55495111e-04
18.5860,1.18931537e-02,5.54765750e-04
18.5910,1.18792501e-02,5.54037375e-04
18.5960,1.18653625e-02,5.53309983e-04
18.6009,1.18514908e-02,5.52583573e-04
18.6059,1.18376349e-02,5.51858143e-04
18.6109,1.18237950e-02,5.51133693e-04
18.6159,1.18099708e-02,5.50410221e-04
18.6209,1.17961626e-02,5.49687725e-04
18.6259,1.17823701e-02,5.48966204e-04
18.6309,1.17685934e-02,5.48245656e-04
18.6359,1.17548326e-02,5.47526081e-04
18.6409,1.17410874e-02,5.46807477e-04
18.6459,1.17273580e-02,5.46089841e-04
18.6509,1.17136444e-02,5.45373174e-04
18.6559,1.16999464e-02,5.44657474e-04
18.6609,1.16862642e-02,5.43942738e-04
18.6659,1.16725976e-02,5.43228967e-04
18.6709,1.16589466e-02,5.42516158e-04
18.6759,1.16453113e-02,5.41804310e-04
18.6809,1.16316916e-02,5.41093421e-04
18.6859,1.16180875e-02,5.40383491e-04
18.6909,1.16044990e-02,5.39674517e-04
18.6959,1.15909261e-02,5.38966499e-04
18.7009,1.15773686e-02,5.38259435e-04
18.7059,1.15638267e-02,5.37553324e-04
18.7109,1.15503004e-02,5.36848165e-04
18.7159,1.15367895e-02,5.36143955e-04
18.7209,1.15232940e-02,5.35440694e-04
18.7259,1.15098140e-02,5.34738380e-04
18.7309,1.14963495e-02,5.34037012e-04
18.7359,1.14829003e-02,5.33336588e-04
18.7409,1.14694666e-02,5.32637108e-04
18.7459,1.14560482e-02,5.31938569e-04
18.7509,1.14426452e-02,5.31240971e-04
18.7559,1.14292576e-02,5.30544312e-04
18.7609,1.14158852e-02,5.29848591e-04
18.7659,1.14025282e-02,5.29153806e-04
18.7709,1.13891865e-02,5.28459956e-04
18.7759,1.13758600e-02,5.27767040e-04
18.7809,1.13625488e-02,5.27075056e-04
18.7859,1.13492528e-02,5.26384004e-04
18.7909,1.13359721e-02,5.25693880e-04
18.7959,1.13227065e-02,5.25004686e-04
18.8009,1.13094561e-02,5.24316418e-04
18.8059,1.12962209e-02,5.23629076e-04
18.8109,1.12830008e-02,5.22942658e-04
18.8159,1.12697959e-02,5.22257163e-04
18.8209,1.12566060e-02,5.21572590e-04
18.8259,1.12434313e-02,5.20888937e-04
18.8309,1.12302716e-02,5.20206204e-04
18.8359,1.12171270e-02,5.19524388e-04
18.8409,1.12039975e-02,5.18843488e-04
18.8459,1.11908829e-02,5.18163503e-04
18.8509,1.11777834e-02,5.17484433e-04
18.8559,1.11646988e-02,5.16806274e-04
18.8609,1.11516293e-02,5.16129027e-04
18.8659,1.11385746e-02,5.15452690e-04
18.8709,1.11255349e-02,5.14777261e-04
18.8759,1.11125102e-02,5.14102739e-04
18.8809,1.10995003e-02,5.13429123e-04
18.8859,1.10865053e-02,5.12756412e-04
18.8909,1.10735252e-02,5.12084604e-04
18.8959,1.10605599e-02,5.11413698e-04
18.9009,1.10476094e-02,5.10743693e-04
18.9059,1.10346738e-02,5.10074587e-04
18.9109,1.10217530e-02,5.09406379e-04
18.9159,1.10088469e-02,5.08739069e-04
18.9209,1.09959556e-02,5.08072653e-04
18.9259,1.09830791e-02,5.07407132e-04
18.9309,1.09702172e-02,5.06742504e-04
18.9359,1.09573701e-02,5.06078768e-04
18.9409,1.09445377e-02,5.05415922e-04
18.9459,1.09317199e-02,5.04753965e-04
18.9509,1.09189168e-02,5.04092896e-04
18.9559,1.09061284e-02,5.03432714e-04
18.9609,1.08933545e-02,5.02773417e-04
18.9659,1.08805953e-02,5.02115004e-04
18.9709,1.08678507e-02,5.01457474e-04
18.9759,1.08551206e-02,5.00800825e-04
18.9809,1.08424051e-02,5.00145056e-04
18.9859,1.08297041e-02,4.99490167e-04
18.9909,1.08170176e-02,4.98836155e-04
18.9959,1.08043457e-02,4.98183020e-04
19.0009,1.07916882e-02,4.97530760e-04
19.0059,1.07790452e-02,4.96879374e-04
19.0109,1.07664167e-02,4.96228860e-04
19.0159,1.07538026e-02,4.95579218e-04
19.0209,1.07412029e-02,4.94930447e-04
19.0259,1.07286176e-02,4.94282544e-04
19.0309,1.07160467e-02,4.93635509e-04
19.0359,1.07034902e-02,4.92989340e-04
19.0409,1.06909480e-02,4.92344037e-04
19.0459,1.06784202e-02,4.91699597e-04
19.0509,1.06659066e-02,4.91056021e-04
19.0559,1.06534074e-02,4.90413305e-04
19.0609,1.06409225e-02,4.89771450e-04
19.0659,1.06284518e-02,4.89130455e-04
19.0709,1.06159954e-02,4.88490317e-04
19.0759,1.06035532e-02,4.87851035e-04
19.0809,1.05911252e-02,4.87212609e-04
19.0859,1.05787115e-02,4.86575037e-04
19.0909,1.05663119e-02,4.85938318e-04
19.0959,1.05539264e-02,4.85302451e-04
19.1009,1.05415552e-02,4.84667434e-04
19.1059,1.05291980e-02,4.84033266e-04
19.1109,1.05168550e-02,4.83399947e-04
19.1159,1.05045261e-02,4.82767474e-04
19.1209,1.04922113e-02,4.82135847e-04
19.1259,1.04799105e-02,4.81505064e-04
19.1309,1.04676238e-02,4.80875124e-04
19.1359,1.04553512e-02,4.80246027e-04
19.1409,1.04430925e-02,4.79617770e-04
19.1459,1.04308478e-02,4.78990353e-04
19.1509,1.04186172e-02,4.78363774e-04
19.1559,1.04064005e-02,4.77738032e-04
19.1609,1.03941977e-02,4.77113127e-04
19.1659,1.03820089e-02,4.76489056e-04
19.1709,1.03698340e-02,4.75865819e-04
19.1759,1.03576731e-02,4.75243414e-04
19.1809,1.03455260e-02,4.74621840e-04
19.1859,1.03333927e-02,4.74001097e-04
19.1909,1.03212734e-02,4.73381182e-04
19.1959,1.03091679e-02,4.72762095e-04
19.2009,1.02970761e-02,4.72143834e-04
19.2059,1.02849982e-02,4.71526399e-04
19.2109,1.02729341e-02,4.70909788e-04
19.2159,1.02608838e-02,4.70294000e-04
19.2209,1.02488472e-02,4.69679033e-04
19.2259,1.02368244e-02,4.69064887e-04
19.2309,1.02248153e-02,4.68451561e-04
19.2359,1.02128199e-02,4.67839052e-04
19.2409,1.02008382e-02,4.67227361e-04
19.2459,1.01888702e-02,4.66616486e-04
19.2509,1.01769158e-02,4.66006425e-04
19.2559,1.01649751e-02,4.65397178e-04
19.2609,1.01530480e-02,4.64788744e-04
19.2659,1.01411345e-02,4.64181121e-04
19.2709,1.01292346e-02,4.63574308e-04
19.2759,1.01173483e-02,4.62968303e-04
19.2809,1.01054756e-02,4.62363107e-04
19.2859,1.00936164e-02,4.61758717e-04
19.2909,1.00817708e-02,4.61155133e-04
19.2959,1.00699386e-02,4.60552353e-04
19.3009,1.00581200e-02,4.59950376e-04
19.3059,1.00463149e-02,4.59349202e-04
19.3109,1.00345232e-02,4.58748828e-04
19.3159,1.00227450e-02,4.58149254e-04
19.3209,1.00109802e-02,4.57550478e-04
19.3259,9.99922883e-03,4.56952500e-04
19.3309,9.98749088e-03,4.56355319e-04
19.3359,9.97576632e-03,4.55758932e-04
19.3409,9.96405514e-03,4.55163340e-04
19.3459,9.95235732e-03,4.54568541e-04
19.3509,9.94067284e-03,4.53974533e-04
19.3559,9.92900169e-03,4.53381316e-04
19.3609,9.91734385e-03,4.52788889e-04
19.3659,9.90569932e-03,4.52197250e-04
19.3709,9.89406806e-03,4.51606398e-04
19.3759,9.88245007e-03,4.51016333e-04
19.3809,9.87084533e-03,4.50427053e-04
19.3859,9.85925383e-03,4.49838556e-04
19.3909,9.84767554e-03,4.49250843e-04
19.3959,9.83611046e-03,4.48663911e-04
19.4009,9.82455857e-03,4.48077759e-04
19.4059,9.81301985e-03,4.47492388e-04
19.4109,9.80149429e-03,4.46907794e-04
19.4159,9.78998187e-03,4.46323978e-04
19.4209,9.77848257e-03,4.45740938e-04
19.4259,9.76699639e-03,4.45158673e-04
19.4309,9.75552331e-03,4.44577182e-04
19.4359,9.74406330e-03,4.43996464e-04
19.4409,9.73261636e-03,4.43416518e-04
19.4459,9.72118247e-03,4.42837342e-04
19.4509,9.70976161e-03,4.42258936e-04
19.4559,9.69835378e-03,4.41681298e-04
19.4609,9.68695894e-03,4.41104428e-04
19.4659,9.67557710e-03,4.40528324e-04
19.4709,9.66420823e-03,4.39952985e-04
19.4759,9.65285232e-03,4.39378410e-04
19.4809,9.64150935e-03,4.38804599e-04
19.4859,9.63017930e-03,4.38231549e-04
19.4909,9.61886217e-03,4.37659260e-04
19.4959,9.60755794e-03,4.37087731e-04
19.5009,9.59626659e-03,4.36516960e-04
19.5059,9.58498810e-03,4.35946947e-04
19.5109,9.57372247e-03,4.35377691e-04
19.5159,9.56246968e-03,4.34809190e-04
19.5209,9.55122970e-03,4.34241443e-04
19.5259,9.54000253e-03,4.33674450e-04
19.5309,9.52878816e-03,4.33108208e-04
19.5359,9.51758656e-03,4.32542718e-04
19.5409,9.50639772e-03,4.31977979e-04
19.5459,9.49522163e-03,4.31413988e-04
19.5509,9.48405827e-03,4.30850745e-04
19.5559,9.47290762e-03,4.30288249e-04
19.5609,9.46176968e-03,4.29726499e-04
19.5659,9.45064443e-03,4.29165493e-04
19.5709,9.43953184e-03,4.28605232e-04
19.5759,9.42843192e-03,4.28045713e-04
19.5809,9.41734463e-03,4.27486935e-04
19.5859,9.40626997e-03,4.26928898e-04
19.5909,9.39520793e-03,4.26371601e-04
19.5959,9.38415848e-03,4.25815042e-04
19.6009,9.37312161e-03,4.25259220e-04
19.6059,9.36209731e-03,4.24704135e-04
19.6109,9.35108557e-03,4.24149785e-04
19.6159,9.34008636e-03,4.23596170e-04
19.6209,9.32909968e-03,4.23043287e-04
19.6259,9.31812550e-03,4.22491137e-04
19.6309,9.30716382e-03,4.21939718e-04
19.6359,9.29621462e-03,4.21389029e-04
19.6409,9.28527788e-03,4.20839069e-04
19.6459,9.27435359e-03,4.20289837e-04
19.6509,9.26344174e-03,4.19741332e-04
19.6559,9.25254231e-03,4.19193553e-04
19.6609,9.24165528e-03,4.18646499e-04
19.6659,9.23078065e-03,4.18100169e-04
19.6709,9.21991839e-03,4.17554562e-04
19.6759,9.20906850e-03,4.17009677e-04
19.6809,9.19823095e-03,4.16465512e-04
19.6859,9.18740574e-03,4.15922067e-04
19.6909,9.17659284e-03,4.15379341e-04
19.6959,9.16579225e-03,4.14837333e-04
19.7009,9.15500395e-03,4.14296042e-04
19.7059,9.14422793e-03,4.13755466e-04
19.7109,9.13346416e-03,4.13215605e-04
19.7159,9.12271264e-03,4.12676458e-04
19.7209,9.11197336e-03,4.12138023e-04
19.7259,9.10124629e-03,4.11600300e-04
19.7309,9.09053142e-03,4.11063288e-04
19.7359,9.07982875e-03,4.10526985e-04
19.7409,9.06913824e-03,4.09991391e-04
19.7459,9.05845990e-03,4.09456505e-04
19.7509,9.04779371e-03,4.08922325e-04
19.7559,9.03713964e-03,4.08388851e-04
19.7609,9.02649769e-03,4.07856082e-04
19.7659,9.01586785e-03,4.07324016e-04
19.7709,9.00525009e-03,4.06792653e-04
19.7759,8.99464441e-03,4.06261992e-04
19.7809,8.98405079e-03,4.05732031e-04
19.7859,8.97346922e-03,4.05202770e-04
19.7909,8.96289967e-03,4.04674207e-04
19.7959,8.95234215e-03,4.04146343e-04
19.8008,8.94179662e-03,4.03619175e-04
19.8058,8.93126309e-03,4.03092702e-04
19.8108,8.92074154e-03,4.02566925e-04
19.8158,8.91023194e-03,4.02041841e-04
19.8208,8.89973429e-03,4.01517450e-04
19.8258,8.88924857e-03,4.00993750e-04
19.8308,8.87877478e-03,4.00470742e-04
19.8358,8.86831289e-03,3.99948423e-04
19.8408,8.85786288e-03,3.99426793e-04
19.8458,8.84742476e-03,3.98905851e-04
19.8508,8.83699850e-03,3.98385596e-04
19.8558,8.82658409e-03,3.97866027e-04
19.8608,8.81618151e-03,3.97347143e-04
19.8658,8.80579075e-03,3.96828943e-04
19.8708,8.79541180e-03,3.96311425e-04
19.8758,8.78504464e-03,3.95794590e-04
19.8808,8.77468927e-03,3.95278436e-04
19.8858,8.76434566e-03,3.94762962e-04
19.8908,8.75401379e-03,3.94248168e-04
19.8958,8.74369367e-03,3.93734051e-04
19.9008,8.73338527e-03,3.93220612e-04
19.9058,8.72308858e-03,3.92707848e-04
19.9108,8.71280359e-03,3.92195761e-04
19.9158,8.70253028e-03,3.91684347e-04
19.9208,8.69226864e-03,3.91173607e-04
19.9258,8.68201865e-03,3.90663540e-04
19.9308,8.67178030e-03,3.90154144e-04
19.9358,8.66155359e-03,3.89645418e-04
19.9408,8.65133848e-03,3.89137363e-04
19.9458,8.64113498e-03,3.88629975e-04
19.9508,8.63094306e-03,3.88123256e-04
19.9558,8.62076271e-03,3.87617203e-04
19.9608,8.61059392e-03,3.87111816e-04
19.9658,8.60043668e-03,3.86607094e-04
19.9708,8.59029097e-03,3.86103036e-04
19.9758,8.58015678e-03,3.85599641e-04
19.9808,8.57003409e-03,3.85096909e-04
19.9858,8.55992289e-03,3.84594837e-04
19.9908,8.54982317e-03,3.84093425e-04
19.9958,8.53973492e-03,3.83592673e-04
